cons_id,cons_no,prov_id,registered_vote,total_vote_stations,zone
ACR_1,1,ACR,145416,310,อำเภอเมืองอำนาจเจริญ
ACR_1,1,ACR,145416,310,อำเภอหัวตะพาน
ACR_2,2,ACR,155938,331,อำเภอเสนางคนิคม
ACR_2,2,ACR,155938,331,อำเภอชานุมาน
ACR_2,2,ACR,155938,331,อำเภอปทุมราชวงศา
ACR_2,2,ACR,155938,331,อำเภอพนา
ACR_2,2,ACR,155938,331,อำเภอลืออำนาจ
ATG_1,1,ATG,111917,239,อำเภอเมืองอ่างทอง
ATG_1,1,ATG,111917,239,อำเภอป่าโมก
ATG_1,1,ATG,111917,239,"อำเภอวิเศษชัยชาญ (ยกเว้นตำบลม่วงเตี้ย, ตำบลสาวร้องไห้)"
ATG_2,2,ATG,112739,253,อำเภอแสวงหา
ATG_2,2,ATG,112739,253,อำเภอโพธิ์ทอง
ATG_2,2,ATG,112739,253,อำเภอไชโย
ATG_2,2,ATG,112739,253,"อำเภอวิเศษชัยชาญ (เฉพาะตำบลม่วงเตี้ย, ตำบลสาวร้องไห้)"
ATG_2,2,ATG,112739,253,อำเภอสามโก้
AYA_1,1,AYA,138666,226,อำเภอบางบาล
AYA_1,1,AYA,138666,226,อำเภอพระนครศรีอยุธยา
AYA_2,2,AYA,127842,223,อำเภอท่าเรือ
AYA_2,2,AYA,127842,223,อำเภอนครหลวง
AYA_2,2,AYA,127842,223,อำเภอบางปะหัน
AYA_2,2,AYA,127842,223,อำเภอบ้านแพรก
AYA_2,2,AYA,127842,223,อำเภอมหาราช
AYA_3,3,AYA,130768,197,อำเภอภาชี
AYA_3,3,AYA,130768,197,อำเภอวังน้อย
AYA_3,3,AYA,130768,197,อำเภออุทัย
AYA_4,4,AYA,134329,201,อำเภอบางไทร
AYA_4,4,AYA,134329,201,อำเภอบางปะอิน
AYA_5,5,AYA,132826,213,อำเภอเสนา
AYA_5,5,AYA,132826,213,อำเภอบางซ้าย
AYA_5,5,AYA,132826,213,อำเภอผักไห่
AYA_5,5,AYA,132826,213,อำเภอลาดบัวหลวง
BKK_1,1,BKK,137544,239,เขตดุสิต (ยกเว้นแขวงถนนนครไชยศรี)
BKK_1,1,BKK,137544,239,เขตบางรัก
BKK_1,1,BKK,137544,239,เขตป้อมปราบศัตรูพ่าย
BKK_1,1,BKK,137544,239,เขตพระนคร
BKK_1,1,BKK,137544,239,เขตสัมพันธวงศ์
BKK_10,10,BKK,137201,185,เขตดอนเมือง
BKK_11,11,BKK,134130,166,เขตสายไหม (ยกเว้นแขวงออเงิน)
BKK_12,12,BKK,138407,175,เขตบางเขน (เฉพาะแขวงท่าแร้ง)
BKK_12,12,BKK,138407,175,เขตลาดพร้าว (เฉพาะแขวงจรเข้บัว)
BKK_12,12,BKK,138407,175,เขตสายไหม (เฉพาะแขวงออเงิน)
BKK_13,13,BKK,132505,190,เขตบึงกุ่ม (ยกเว้นแขวงคลองกุ่ม)
BKK_13,13,BKK,132505,190,เขตลาดพร้าว (ยกเว้นแขวงจรเข้บัว)
BKK_14,14,BKK,138993,191,เขตบางกะปิ
BKK_14,14,BKK,138993,191,เขตวังทองหลาง (เฉพาะแขวงคลองเจ้าคุณสิงห์)
BKK_15,15,BKK,127334,180,เขตคันนายาว
BKK_15,15,BKK,127334,180,เขตบึงกุ่ม (เฉพาะแขวงคลองกุ่ม)
BKK_16,16,BKK,131398,161,"เขตคลองสามวา (ยกเว้นแขวงสามวาตะวันออก, แขวงทรายกองดิน)"
BKK_17,17,BKK,114792,141,"เขตคลองสามวา (เฉพาะแขวงสามวาตะวันออก, แขวงทรายกองดิน)"
BKK_17,17,BKK,114792,141,"เขตหนองจอก (ยกเว้นแขวงโคกแฝด, แขวงลำผักชี, แขวงลำต้อยติ่ง)"
BKK_18,18,BKK,116769,144,เขตมีนบุรี (เฉพาะแขวงแสนแสบ)
BKK_18,18,BKK,116769,144,เขตลาดกระบัง (เฉพาะแขวงลำปลาทิว)
BKK_18,18,BKK,116769,144,"เขตหนองจอก (เฉพาะแขวงโคกแฝด, แขวงลำผักชี, แขวงลำต้อยติ่ง)"
BKK_19,19,BKK,133279,185,เขตมีนบุรี (ยกเว้นแขวงแสนแสบ)
BKK_19,19,BKK,133279,185,เขตสะพานสูง (ยกเว้นแขวงทับช้าง)
BKK_2,2,BKK,140711,229,เขตปทุมวัน
BKK_2,2,BKK,140711,229,เขตราชเทวี
BKK_2,2,BKK,140711,229,เขตสาทร
BKK_20,20,BKK,122467,167,เขตลาดกระบัง (ยกเว้นแขวงลำปลาทิว)
BKK_21,21,BKK,131747,180,เขตประเวศ (ยกเว้นแขวงหนองบอน)
BKK_21,21,BKK,131747,180,เขตสะพานสูง (เฉพาะแขวงทับช้าง)
BKK_22,22,BKK,132202,200,เขตประเวศ (เฉพาะแขวงหนองบอน)
BKK_22,22,BKK,132202,200,เขตสวนหลวง
BKK_23,23,BKK,145175,226,เขตบางนา
BKK_23,23,BKK,145175,226,เขตพระโขนง
BKK_24,24,BKK,144159,230,เขตคลองสาน
BKK_24,24,BKK,144159,230,"เขตธนบุรี (ยกเว้นแขวงวัดกัลยาณ์, แขวงหิรัญรูจี, แขวงบางยี่เรือ)"
BKK_24,24,BKK,144159,230,เขตราษฎร์บูรณะ (เฉพาะแขวงบางปะกอก)
BKK_25,25,BKK,125508,161,เขตทุ่งครุ
BKK_25,25,BKK,125508,161,เขตราษฎร์บูรณะ (ยกเว้นแขวงบางปะกอก)
BKK_26,26,BKK,138662,187,เขตจอมทอง (ยกเว้นแขวงบางขุนเทียน)
BKK_26,26,BKK,138662,187,เขตบางขุนเทียน (เฉพาะแขวงท่าข้าม)
BKK_27,27,BKK,133637,163,เขตบางขุนเทียน (ยกเว้นแขวงท่าข้าม)
BKK_27,27,BKK,133637,163,"เขตบางบอน (เฉพาะแขวงคลองบางบอน, แขวงคลองบางบอน)"
BKK_28,28,BKK,137993,185,เขตจอมทอง (เฉพาะแขวงบางขุนเทียน)
BKK_28,28,BKK,137993,185,"เขตบางบอน (ยกเว้นแขวงคลองบางบอน, แขวงคลองบางบอน)"
BKK_28,28,BKK,137993,185,เขตหนองแขม (เฉพาะแขวงหนองแขม)
BKK_29,29,BKK,143337,182,"เขตบางแค (เฉพาะแขวงบางแคเหนือ, แขวงบางไผ่)"
BKK_29,29,BKK,143337,182,เขตหนองแขม (ยกเว้นแขวงหนองแขม)
BKK_3,3,BKK,125506,214,เขตบางคอแหลม
BKK_3,3,BKK,125506,214,เขตยานนาวา
BKK_30,30,BKK,140483,183,"เขตบางแค (ยกเว้นแขวงบางแคเหนือ, แขวงบางไผ่)"
BKK_30,30,BKK,140483,183,"เขตภาษีเจริญ (เฉพาะแขวงบางหว้า, แขวงบางด้วน, แขวงคลองขวาง)"
BKK_31,31,BKK,142243,238,เขตตลิ่งชัน (ยกเว้นแขวงบางเชือกหนัง)
BKK_31,31,BKK,142243,238,เขตทวีวัฒนา
BKK_32,32,BKK,142583,224,เขตตลิ่งชัน (เฉพาะแขวงบางเชือกหนัง)
BKK_32,32,BKK,142583,224,"เขตธนบุรี (เฉพาะแขวงวัดกัลยาณ์, แขวงหิรัญรูจี, แขวงบางยี่เรือ)"
BKK_32,32,BKK,142583,224,เขตบางกอกใหญ่
BKK_32,32,BKK,142583,224,เขตบางกอกน้อย (เฉพาะแขวงศิริราช)
BKK_32,32,BKK,142583,224,"เขตภาษีเจริญ (ยกเว้นแขวงบางหว้า, แขวงบางด้วน, แขวงคลองขวาง)"
BKK_33,33,BKK,149522,227,เขตบางกอกน้อย (ยกเว้นแขวงศิริราช)
BKK_33,33,BKK,149522,227,เขตบางพลัด
BKK_4,4,BKK,130229,194,เขตคลองเตย
BKK_4,4,BKK,130229,194,เขตวัฒนา
BKK_5,5,BKK,132325,204,เขตวังทองหลาง (ยกเว้นแขวงคลองเจ้าคุณสิงห์)
BKK_5,5,BKK,132325,204,เขตห้วยขวาง
BKK_6,6,BKK,147336,217,เขตดินแดง
BKK_6,6,BKK,147336,217,เขตพญาไท
BKK_7,7,BKK,142081,198,เขตดุสิต (เฉพาะแขวงถนนนครไชยศรี)
BKK_7,7,BKK,142081,198,เขตบางซื่อ
BKK_8,8,BKK,142854,200,"เขตจตุจักร (ยกเว้นแขวงจันทรเกษม, แขวงเสนานิคม)"
BKK_8,8,BKK,142854,200,เขตหลักสี่ (ยกเว้นแขวงตลาดบางเขน)
BKK_9,9,BKK,146043,194,"เขตจตุจักร (เฉพาะแขวงจันทรเกษม, แขวงเสนานิคม)"
BKK_9,9,BKK,146043,194,เขตบางเขน (ยกเว้นแขวงท่าแร้ง)
BKK_9,9,BKK,146043,194,เขตหลักสี่ (เฉพาะแขวงตลาดบางเขน)
BKN_1,1,BKN,103208,192,อำเภอเมืองบึงกาฬ
BKN_1,1,BKN,103208,192,อำเภอศรีวิไล
BKN_2,2,BKN,107776,231,อำเภอเซกา
BKN_2,2,BKN,107776,231,อำเภอบึงโขงหลง
BKN_2,2,BKN,107776,231,อำเภอบุ่งคล้า
BKN_3,3,BKN,116761,229,อำเภอโซ่พิสัย
BKN_3,3,BKN,116761,229,อำเภอปากคาด
BKN_3,3,BKN,116761,229,อำเภอพรเจริญ
BRM_1,1,BRM,123334,253,"อำเภอเมืองบุรีรัมย์ (เฉพาะตำบลในเมือง, ตำบลบ้านบัว, ตำบลพระครู, ตำบลถลุงเหล็ก, ตำบลหนองตาด, ตำบลบ้านยาง, ตำบลบัวทอง, ตำบลชุมเห็ด, ตำบลกลันทา, ตำบลกระสัง, ตำบลสะแกโพรง, ตำบลลุมปุ๊ก)"
BRM_1,1,BRM,123334,253,"อำเภอบ้านด่าน (เฉพาะตำบลปราสาท, ตำบลบ้านด่าน)"
BRM_10,10,BRM,120182,203,"อำเภอบ้านกรวด (เฉพาะตำบลเขาดินเหนือ, ตำบลโนนเจริญ, ตำบลหินลาด, ตำบลสายตะกู)"
BRM_10,10,BRM,120182,203,อำเภอประโคนชัย (ยกเว้นตำบลไพศาล)
BRM_2,2,BRM,125612,260,"อำเภอเมืองบุรีรัมย์ (เฉพาะตำบลหลักเขต, ตำบลสวายจีก, ตำบลเสม็ด, ตำบลสองห้อง, ตำบลสะแกซำ, ตำบลเมืองฝาง, ตำบลอิสาณ)"
BRM_2,2,BRM,125612,260,อำเภอชำนิ
BRM_2,2,BRM,125612,260,อำเภอประโคนชัย (เฉพาะตำบลไพศาล)
BRM_2,2,BRM,125612,260,"อำเภอพลับพลาชัย (เฉพาะตำบลสำโรง, ตำบลสะเดา, ตำบลจันดุม)"
BRM_3,3,BRM,124153,274,อำเภอกระสัง
BRM_3,3,BRM,124153,274,"อำเภอพลับพลาชัย (เฉพาะตำบลโคกขมิ้น, ตำบลป่าชัน)"
BRM_3,3,BRM,124153,274,อำเภอห้วยราช
BRM_4,4,BRM,120551,249,อำเภอแคนดง
BRM_4,4,BRM,120551,249,"อำเภอบ้านด่าน (เฉพาะตำบลโนนขวาง, ตำบลวังเหนือ)"
BRM_4,4,BRM,120551,249,อำเภอสตึก
BRM_5,5,BRM,131648,300,อำเภอคูเมือง (ยกเว้นตำบลพรสำราญ)
BRM_5,5,BRM,131648,300,อำเภอนาโพธิ์
BRM_5,5,BRM,131648,300,อำเภอบ้านใหม่ไชยพจน์
BRM_5,5,BRM,131648,300,อำเภอพุทไธสง
BRM_6,6,BRM,130584,297,อำเภอคูเมือง (เฉพาะตำบลพรสำราญ)
BRM_6,6,BRM,130584,297,อำเภอลำปลายมาศ
BRM_6,6,BRM,130584,297,"อำเภอหนองหงส์ (เฉพาะตำบลไทยสามัคคี, ตำบลสระทอง, ตำบลเสาเดียว)"
BRM_7,7,BRM,121835,247,อำเภอโนนสุวรรณ
BRM_7,7,BRM,121835,247,"อำเภอปะคำ (เฉพาะตำบลไทยเจริญ, ตำบลหนองบัว, ตำบลโคกมะม่วง)"
BRM_7,7,BRM,121835,247,อำเภอหนองกี่
BRM_7,7,BRM,121835,247,"อำเภอหนองหงส์ (เฉพาะตำบลหนองชัยศรี, ตำบลห้วยหิน, ตำบลเมืองฝ้าย, ตำบลสระแก้ว)"
BRM_8,8,BRM,125882,265,"อำเภอเฉลิมพระเกียรติ (เฉพาะตำบลเจริญสุข, ตำบลถาวร)"
BRM_8,8,BRM,125882,265,อำเภอโนนดินแดง (เฉพาะตำบลโนนดินแดง)
BRM_8,8,BRM,125882,265,อำเภอนางรอง
BRM_8,8,BRM,125882,265,"อำเภอปะคำ (เฉพาะตำบลปะคำ, ตำบลหูทำนบ)"
BRM_9,9,BRM,126367,220,"อำเภอเฉลิมพระเกียรติ (เฉพาะตำบลยายแย้มวัฒนา, ตำบลอีสานเขต, ตำบลตาเป๊ก)"
BRM_9,9,BRM,126367,220,อำเภอโนนดินแดง (ยกเว้นตำบลโนนดินแดง)
BRM_9,9,BRM,126367,220,"อำเภอบ้านกรวด (เฉพาะตำบลบ้านกรวด, ตำบลปราสาท, ตำบลบึงเจริญ, ตำบลจันทบเพชร, ตำบลหนองไม้งาม)"
BRM_9,9,BRM,126367,220,อำเภอละหานทราย
CBI_1,1,CBI,127284,149,"อำเภอเมืองชลบุรี (เฉพาะตำบลแสนสุข, ตำบลเหมือง, ตำบลห้วยกะปิ, ตำบลบ้านปึก, ตำบลเสม็ด, ตำบลอ่างศิลา, ตำบลหนองข้างคอก, ตำบลหนองรี)"
CBI_10,10,CBI,131976,152,อำเภอสัตหีบ
CBI_2,2,CBI,111853,122,"อำเภอเมืองชลบุรี (เฉพาะตำบลบางทราย, ตำบลบ้านโขด, ตำบลมะขามหย่ง, ตำบลบางปลาสร้อย, ตำบลบ้านสวน, ตำบลนาป่า)"
CBI_3,3,CBI,117501,137,"อำเภอเมืองชลบุรี (เฉพาะตำบลคลองตำหรุ, ตำบลหนองไม้แดง, ตำบลดอนหัวฬ่อ, ตำบลสำนักบก)"
CBI_3,3,CBI,117501,137,"อำเภอบ้านบึง (เฉพาะตำบลหนองซ้ำซาก, ตำบลมาบไผ่, ตำบลหนองบอนแดง, ตำบลหนองชาก)"
CBI_3,3,CBI,117501,137,อำเภอพานทอง
CBI_4,4,CBI,117293,153,อำเภอบ่อทอง
CBI_4,4,CBI,117293,153,"อำเภอบ้านบึง (ยกเว้นตำบลหนองซ้ำซาก, ตำบลมาบไผ่, ตำบลหนองบอนแดง, ตำบลหนองชาก)"
CBI_4,4,CBI,117293,153,อำเภอหนองใหญ่
CBI_5,5,CBI,131401,197,อำเภอเกาะจันทร์
CBI_5,5,CBI,131401,197,อำเภอพนัสนิคม
CBI_6,6,CBI,132373,141,อำเภอเกาะสีชัง
CBI_6,6,CBI,132373,141,"อำเภอศรีราชา (เฉพาะตำบลบางพระ, ตำบลศรีราชา, ตำบลสุรศักดิ์, ตำบลทุ่งสุขลา)"
CBI_7,7,CBI,118447,115,"อำเภอศรีราชา (ยกเว้นตำบลบางพระ, ตำบลศรีราชา, ตำบลสุรศักดิ์, ตำบลทุ่งสุขลา)"
CBI_8,8,CBI,130416,152,"อำเภอบางละมุง (เฉพาะตำบลบางละมุง, ตำบลนาเกลือ, ตำบลหนองปลาไหล, ตำบลตะเคียนเตี้ย, ตำบลเขาไม้แก้ว, ตำบลโป่ง, ตำบลห้วยใหญ่)"
CBI_9,9,CBI,115648,121,"อำเภอบางละมุง (ยกเว้นตำบลบางละมุง, ตำบลนาเกลือ, ตำบลหนองปลาไหล, ตำบลตะเคียนเตี้ย, ตำบลเขาไม้แก้ว, ตำบลโป่ง, ตำบลห้วยใหญ่)"
CCO_1,1,CCO,143595,240,อำเภอเมืองฉะเชิงเทรา
CCO_1,1,CCO,143595,240,"อำเภอบ้านโพธิ์ (เฉพาะตำบลเกาะไร่, ตำบลเทพราช, ตำบลคลองประเวศ, ตำบลบางกรูด)"
CCO_2,2,CCO,143440,263,อำเภอคลองเขื่อน
CCO_2,2,CCO,143440,263,อำเภอบางคล้า
CCO_2,2,CCO,143440,263,อำเภอบางน้ำเปรี้ยว
CCO_2,2,CCO,143440,263,"อำเภอพนมสารคาม (เฉพาะตำบลหนองยาว, ตำบลพนมสารคาม)"
CCO_2,2,CCO,143440,263,อำเภอราชสาส์น
CCO_3,3,CCO,145320,248,อำเภอท่าตะเกียบ
CCO_3,3,CCO,145320,248,"อำเภอพนมสารคาม (ยกเว้นตำบลหนองยาว, ตำบลพนมสารคาม)"
CCO_3,3,CCO,145320,248,อำเภอสนามชัยเขต
CCO_4,4,CCO,144607,222,อำเภอแปลงยาว
CCO_4,4,CCO,144607,222,อำเภอบางปะกง
CCO_4,4,CCO,144607,222,"อำเภอบ้านโพธิ์ (ยกเว้นตำบลเกาะไร่, ตำบลเทพราช, ตำบลคลองประเวศ, ตำบลบางกรูด)"
CMI_1,1,CMI,139620,220,"อำเภอเมืองเชียงใหม่ (เฉพาะตำบลช้างเผือก, ตำบลสันผีเสื้อ, ตำบลป่าตัน, ตำบลป่าแดด, ตำบลสุเทพ, ตำบลช้างคลาน, ตำบลช้างม่อย, ตำบลหายยา, ตำบลพระสิงห์, ตำบลศรีภูมิ, ตำบลแม่เหียะ, ตำบลฟ้าฮ่าม)"
CMI_10,10,CMI,119937,279,"อำเภอแม่แจ่ม (เฉพาะตำบลบ้านทับ, ตำบลปางหินฝน, ตำบลกองแขก, ตำบลท่าผา)"
CMI_10,10,CMI,119937,279,อำเภอดอยเต่า
CMI_10,10,CMI,119937,279,อำเภออมก๋อย
CMI_10,10,CMI,119937,279,อำเภอฮอด
CMI_2,2,CMI,139821,236,"อำเภอเมืองเชียงใหม่ (เฉพาะตำบลหนองหอย, ตำบลท่าศาลา, ตำบลหนองป่าครั่ง, ตำบลวัดเกต)"
CMI_2,2,CMI,139821,236,"อำเภอสันกำแพง (เฉพาะตำบลบวกค้าง, ตำบลสันกลาง, ตำบลแช่ช้าง)"
CMI_2,2,CMI,139821,236,อำเภอสารภี
CMI_3,3,CMI,134864,274,อำเภอแม่ออน
CMI_3,3,CMI,134864,274,อำเภอดอยสะเก็ด
CMI_3,3,CMI,134864,274,"อำเภอสันกำแพง (เฉพาะตำบลสันกำแพง, ตำบลร้องวัวแดง, ตำบลออนใต้, ตำบลแม่ปูคา, ตำบลห้วยทราย, ตำบลทรายมูล, ตำบลต้นเปา)"
CMI_4,4,CMI,139625,218,"อำเภอแม่ริม (เฉพาะตำบลดอนแก้ว, ตำบลเหมืองแก้ว, ตำบลแม่สา)"
CMI_4,4,CMI,139625,218,อำเภอสันทราย
CMI_5,5,CMI,132553,285,อำเภอแม่แตง
CMI_5,5,CMI,132553,285,"อำเภอแม่ริม (เฉพาะตำบลริมเหนือ, ตำบลสันโป่ง, ตำบลขี้เหล็ก, ตำบลสะลวง, ตำบลห้วยทราย, ตำบลแม่แรม, ตำบลโป่งแยง, ตำบลริมใต้)"
CMI_5,5,CMI,132553,285,อำเภอกัลยาณิวัฒนา
CMI_5,5,CMI,132553,285,อำเภอสะเมิง
CMI_6,6,CMI,126880,274,อำเภอเชียงดาว
CMI_6,6,CMI,126880,274,อำเภอเวียงแหง
CMI_6,6,CMI,126880,274,"อำเภอไชยปราการ (เฉพาะตำบลหนองบัว, ตำบลศรีดงเย็น)"
CMI_6,6,CMI,126880,274,อำเภอพร้าว
CMI_7,7,CMI,132684,256,อำเภอแม่อาย
CMI_7,7,CMI,132684,256,"อำเภอไชยปราการ (เฉพาะตำบลแม่ทะลบ, ตำบลปงตำ)"
CMI_7,7,CMI,132684,256,อำเภอฝาง
CMI_8,8,CMI,139026,282,อำเภอสันป่าตอง
CMI_8,8,CMI,139026,282,อำเภอหางดง
CMI_9,9,CMI,125997,291,"อำเภอแม่แจ่ม (เฉพาะตำบลแม่ศึก, ตำบลแม่นาจร, ตำบลช่างเคิ่ง)"
CMI_9,9,CMI,125997,291,อำเภอแม่วาง
CMI_9,9,CMI,125997,291,อำเภอจอมทอง
CMI_9,9,CMI,125997,291,อำเภอดอยหล่อ
CNT_1,1,CNT,131642,247,อำเภอเมืองชัยนาท
CNT_1,1,CNT,131642,247,อำเภอมโนรมย์
CNT_1,1,CNT,131642,247,"อำเภอวัดสิงห์ (เฉพาะตำบลมะขามเฒ่า, ตำบลหนองน้อย, ตำบลหนองบัว, เทศบาลตำบลวัดสิงห์, ตำบลหนองขุ่น)"
CNT_1,1,CNT,131642,247,อำเภอสรรพยา
CNT_2,2,CNT,130717,258,อำเภอเนินขาม
CNT_2,2,CNT,130717,258,"อำเภอวัดสิงห์ (ยกเว้นตำบลมะขามเฒ่า, ตำบลหนองน้อย, ตำบลหนองบัว, เทศบาลตำบลวัดสิงห์, ตำบลหนองขุ่น)"
CNT_2,2,CNT,130717,258,อำเภอสรรคบุรี
CNT_2,2,CNT,130717,258,อำเภอหนองมะโมง
CNT_2,2,CNT,130717,258,อำเภอหันคา
CPM_1,1,CPM,129638,260,"อำเภอเมืองชัยภูมิ (ยกเว้นตำบลห้วยต้อน, ตำบลท่าหินโงม, ตำบลซับสีทอง)"
CPM_2,2,CPM,134091,343,อำเภอเนินสง่า
CPM_2,2,CPM,134091,343,อำเภอจัตุรัส
CPM_2,2,CPM,134091,343,อำเภอซับใหญ่
CPM_2,2,CPM,134091,343,อำเภอบ้านเขว้า
CPM_3,3,CPM,126027,298,อำเภอเทพสถิต
CPM_3,3,CPM,126027,298,อำเภอบำเหน็จณรงค์
CPM_3,3,CPM,126027,298,อำเภอหนองบัวระเหว
CPM_4,4,CPM,120178,229,อำเภอเกษตรสมบูรณ์ (เฉพาะตำบลหนองข่า)
CPM_4,4,CPM,120178,229,อำเภอเมืองชัยภูมิ (เฉพาะตำบลห้วยต้อน)
CPM_4,4,CPM,120178,229,อำเภอภักดีชุมพล
CPM_4,4,CPM,120178,229,อำเภอหนองบัวแดง
CPM_5,5,CPM,131856,265,อำเภอเกษตรสมบูรณ์ (ยกเว้นตำบลหนองข่า)
CPM_5,5,CPM,131856,265,อำเภอคอนสาร
CPM_6,6,CPM,134362,269,อำเภอบ้านแท่น
CPM_6,6,CPM,134362,269,อำเภอภูเขียว
CPM_7,7,CPM,126736,284,"อำเภอเมืองชัยภูมิ (เฉพาะตำบลท่าหินโงม, ตำบลซับสีทอง)"
CPM_7,7,CPM,126736,284,อำเภอแก้งคร้อ
CPM_7,7,CPM,126736,284,อำเภอคอนสวรรค์
CPN_1,1,CPN,135750,246,"อำเภอเมืองชุมพร (ยกเว้นตำบลวังใหม่, ตำบลบ้านนา, ตำบลหาดพันไกร, ตำบลบางลึก, ตำบลถ้ำสิงห์)"
CPN_1,1,CPN,135750,246,"อำเภอสวี (ยกเว้นตำบลเขาทะลุ, ตำบลเขาค่าย)"
CPN_2,2,CPN,134784,242,"อำเภอเมืองชุมพร (เฉพาะตำบลวังใหม่, ตำบลบ้านนา, ตำบลหาดพันไกร, ตำบลบางลึก, ตำบลถ้ำสิงห์)"
CPN_2,2,CPN,134784,242,อำเภอท่าแซะ
CPN_2,2,CPN,134784,242,อำเภอปะทิว
CPN_3,3,CPN,133674,257,อำเภอทุ่งตะโก
CPN_3,3,CPN,133674,257,อำเภอพะโต๊ะ
CPN_3,3,CPN,133674,257,อำเภอละแม
CPN_3,3,CPN,133674,257,"อำเภอสวี (เฉพาะตำบลเขาทะลุ, ตำบลเขาค่าย)"
CPN_3,3,CPN,133674,257,อำเภอหลังสวน
CRI_1,1,CRI,136865,220,"อำเภอเมืองเชียงราย (เฉพาะตำบลเวียง, ตำบลรอบเวียง, ตำบลริมกก, ตำบลสันทราย, ตำบลท่าสาย, ตำบลป่าอ้อดอนชัย, ตำบลแม่กรณ์, ตำบลดอยฮาง, ตำบลแม่ยาว, ตำบลห้วยชมภู, ตำบลบ้านดู่)"
CRI_2,2,CRI,132708,260,"อำเภอเมืองเชียงราย (เฉพาะตำบลนางแล, ตำบลแม่ข้าวต้ม, ตำบลท่าสุด)"
CRI_2,2,CRI,132708,260,อำเภอเวียงเชียงรุ้ง
CRI_2,2,CRI,132708,260,อำเภอเวียงชัย
CRI_2,2,CRI,132708,260,"อำเภอแม่จัน (เฉพาะตำบลแม่จัน, ตำบลป่าตึง, ตำบลป่าซาง, ตำบลท่าข้าวเปลือก, ตำบลสันทราย)"
CRI_3,3,CRI,140001,314,อำเภอเวียงป่าเป้า
CRI_3,3,CRI,140001,314,อำเภอแม่ลาว
CRI_3,3,CRI,140001,314,อำเภอแม่สรวย
CRI_4,4,CRI,143746,366,"อำเภอเมืองเชียงราย (เฉพาะตำบลดอยลาน, ตำบลห้วยสัก)"
CRI_4,4,CRI,143746,366,อำเภอป่าแดด
CRI_4,4,CRI,143746,366,อำเภอพาน
CRI_5,5,CRI,132463,296,อำเภอเชียงของ (เฉพาะตำบลบุญเรือง)
CRI_5,5,CRI,132463,296,อำเภอเทิง
CRI_5,5,CRI,132463,296,อำเภอขุนตาล
CRI_5,5,CRI,132463,296,อำเภอพญาเม็งราย
CRI_6,6,CRI,124286,235,"อำเภอแม่จัน (เฉพาะตำบลแม่คำ, ตำบลแม่ไร่, ตำบลศรีค้ำ, ตำบลจอมสวรรค์)"
CRI_6,6,CRI,124286,235,อำเภอแม่ฟ้าหลวง
CRI_6,6,CRI,124286,235,อำเภอแม่สาย
CRI_7,7,CRI,133950,286,อำเภอเชียงแสน
CRI_7,7,CRI,133950,286,"อำเภอเชียงของ (เฉพาะตำบลครึ่ง, ตำบลศรีดอนชัย, ตำบลริมโขง, ตำบลเวียง, ตำบลสถาน, ตำบลห้วยซ้อ)"
CRI_7,7,CRI,133950,286,อำเภอเวียงแก่น
CRI_7,7,CRI,133950,286,"อำเภอแม่จัน (เฉพาะตำบลจันจว้า, ตำบลจันจว้าใต้)"
CRI_7,7,CRI,133950,286,อำเภอดอยหลวง
CTI_1,1,CTI,146141,278,อำเภอเมืองจันทบุรี
CTI_1,1,CTI,146141,278,อำเภอแหลมสิงห์
CTI_1,1,CTI,146141,278,"อำเภอมะขาม (เฉพาะตำบลท่าหลวง, ตำบลมะขาม, ตำบลอ่างคีรี, ตำบลวังแซ้ม)"
CTI_2,2,CTI,140889,278,อำเภอเขาคิชฌกูฏ
CTI_2,2,CTI,140889,278,อำเภอแก่งหางแมว
CTI_2,2,CTI,140889,278,อำเภอท่าใหม่
CTI_2,2,CTI,140889,278,อำเภอนายายอาม
CTI_3,3,CTI,140887,278,อำเภอโป่งน้ำร้อน
CTI_3,3,CTI,140887,278,อำเภอขลุง
CTI_3,3,CTI,140887,278,"อำเภอมะขาม (ยกเว้นตำบลท่าหลวง, ตำบลมะขาม, ตำบลอ่างคีรี, ตำบลวังแซ้ม)"
CTI_3,3,CTI,140887,278,อำเภอสอยดาว
KBI_1,1,KBI,122761,186,อำเภอเมืองกระบี่
KBI_1,1,KBI,122761,186,"อำเภอเหนือคลอง (ยกเว้นตำบลโคกยาง, ตำบลห้วยยูง, ตำบลปกาสัย)"
KBI_2,2,KBI,114540,189,อำเภอเขาพนม
KBI_2,2,KBI,114540,189,อำเภอปลายพระยา
KBI_2,2,KBI,114540,189,อำเภออ่าวลึก
KBI_3,3,KBI,119944,212,อำเภอเกาะลันตา
KBI_3,3,KBI,119944,212,"อำเภอเหนือคลอง (เฉพาะตำบลโคกยาง, ตำบลห้วยยูง, ตำบลปกาสัย)"
KBI_3,3,KBI,119944,212,อำเภอคลองท่อม
KBI_3,3,KBI,119944,212,อำเภอลำทับ
KKN_1,1,KKN,129625,179,"อำเภอเมืองขอนแก่น (เฉพาะตำบลในเมือง, ตำบลเมืองเก่า, ตำบลพระลับ)"
KKN_10,10,KKN,134888,288,อำเภอเปือยน้อย
KKN_10,10,KKN,134888,288,อำเภอโคกโพธิ์ไชย
KKN_10,10,KKN,134888,288,อำเภอโนนศิลา
KKN_10,10,KKN,134888,288,"อำเภอชนบท (เฉพาะตำบลห้วยแก, ตำบลวังแสง, ตำบลปอแดง)"
KKN_10,10,KKN,134888,288,อำเภอหนองสองห้อง
KKN_11,11,KKN,131436,248,"อำเภอชนบท (เฉพาะตำบลศรีบุญเรือง, ตำบลชนบท, ตำบลโนนพะยอม, ตำบลบ้านแท่น, ตำบลกุดเพียขอม)"
KKN_11,11,KKN,131436,248,อำเภอบ้านแฮด
KKN_11,11,KKN,131436,248,อำเภอบ้านไผ่
KKN_2,2,KKN,133299,174,"อำเภอเมืองขอนแก่น (เฉพาะตำบลบ้านเป็ด, ตำบลศิลา, ตำบลโคกสี, ตำบลหนองตูม, ตำบลแดงใหญ่, ตำบลบึงเนียม, ตำบลสำราญ, ตำบลสาวะถี)"
KKN_3,3,KKN,131980,253,"อำเภอเขาสวนกวาง (เฉพาะตำบลเขาสวนกวาง, ตำบลคำม่วง)"
KKN_3,3,KKN,131980,253,อำเภอกระนวน
KKN_3,3,KKN,131980,253,อำเภอซำสูง
KKN_3,3,KKN,131980,253,"อำเภอน้ำพอง (เฉพาะตำบลบัวเงิน, ตำบลพังทุย, ตำบลทรายมูล, ตำบลบัวใหญ่, ตำบลบ้านขาม)"
KKN_4,4,KKN,130308,248,"อำเภอเขาสวนกวาง (เฉพาะตำบลดงเมืองแอม, ตำบลนางิ้ว, ตำบลโนนสมบูรณ์)"
KKN_4,4,KKN,130308,248,"อำเภอเมืองขอนแก่น (เฉพาะตำบลบ้านค้อ, ตำบลโนนท่อน)"
KKN_4,4,KKN,130308,248,"อำเภอน้ำพอง (เฉพาะตำบลน้ำพอง, ตำบลสะอาด, ตำบลกุดน้ำใส, ตำบลวังชัย, ตำบลหนองกุง, ตำบลม่วงหวาน, ตำบลท่ากระเสริม)"
KKN_4,4,KKN,130308,248,อำเภออุบลรัตน์
KKN_5,5,KKN,131205,263,อำเภอเวียงเก่า
KKN_5,5,KKN,131205,263,"อำเภอภูเวียง (เฉพาะตำบลภูเวียง, ตำบลบ้านเรือ, ตำบลดินดำ, ตำบลหว้าทอง, ตำบลทุ่งชมพู, ตำบลนาหว้า, ตำบลหนองกุงธนสาร, ตำบลนาชุมแสง, ตำบลสงเปือย)"
KKN_5,5,KKN,131205,263,"อำเภอสีชมพู (เฉพาะตำบลสีชมพู, ตำบลบริบูรณ์, ตำบลดงลาน, ตำบลบ้านใหม่, ตำบลภูห่าน, ตำบลหนองแดง, ตำบลศรีสุข, ตำบลวังเพิ่ม)"
KKN_5,5,KKN,131205,263,อำเภอหนองนาคำ
KKN_6,6,KKN,129462,240,อำเภอชุมแพ
KKN_6,6,KKN,129462,240,อำเภอภูผาม่าน
KKN_6,6,KKN,129462,240,"อำเภอสีชมพู (เฉพาะตำบลซำยาง, ตำบลนาจาน)"
KKN_7,7,KKN,132057,259,อำเภอบ้านฝาง
KKN_7,7,KKN,132057,259,"อำเภอภูเวียง (เฉพาะตำบลหนองกุงเซิน, ตำบลกุดขอนแก่น)"
KKN_7,7,KKN,132057,259,อำเภอหนองเรือ
KKN_8,8,KKN,138382,252,"อำเภอเมืองขอนแก่น (เฉพาะตำบลบ้านทุ่ม, ตำบลบ้านหว้า, ตำบลดอนช้าง, ตำบลดอนหัน, ตำบลท่าพระ)"
KKN_8,8,KKN,138382,252,อำเภอพระยืน
KKN_8,8,KKN,138382,252,อำเภอมัญจาคีรี
KKN_9,9,KKN,126953,275,อำเภอแวงใหญ่
KKN_9,9,KKN,126953,275,อำเภอแวงน้อย
KKN_9,9,KKN,126953,275,อำเภอพล
KPT_1,1,KPT,143988,259,"อำเภอเมืองกำแพงเพชร (เฉพาะตำบลในเมือง, ตำบลหนองปลิง, ตำบลเทพนคร, ตำบลอ่างทอง, ตำบลคลองแม่ลาย, ตำบลนครชุม, ตำบลนิคมทุ่งโพธิ์ทะเ, ตำบลวังทอง, ตำบลลานดอกไม้, ตำบลคณฑี, ตำบลท่าขุนราม, ตำบลนาบ่อคำ, ตำบลทรงธรรม, ตำบลธำมรงค์)"
KPT_2,2,KPT,146908,303,อำเภอเมืองกำแพงเพชร (เฉพาะตำบลสระแก้ว)
KPT_2,2,KPT,146908,303,อำเภอโกสัมพีนคร
KPT_2,2,KPT,146908,303,"อำเภอไทรงาม (เฉพาะตำบลมหาชัย, ตำบลพานทอง, ตำบลหนองคล้า, ตำบลหนองทอง)"
KPT_2,2,KPT,146908,303,อำเภอพรานกระต่าย
KPT_2,2,KPT,146908,303,อำเภอลานกระบือ
KPT_3,3,KPT,138014,269,อำเภอเมืองกำแพงเพชร (เฉพาะตำบลไตรตรึงษ์)
KPT_3,3,KPT,138014,269,อำเภอคลองขลุง
KPT_3,3,KPT,138014,269,อำเภอคลองลาน
KPT_3,3,KPT,138014,269,อำเภอปางศิลาทอง
KPT_4,4,KPT,139089,292,"อำเภอไทรงาม (เฉพาะตำบลหนองแม่แตง, ตำบลไทรงาม, ตำบลหนองไม้กอง)"
KPT_4,4,KPT,139089,292,อำเภอขาณุวรลักษบุรี
KPT_4,4,KPT,139089,292,อำเภอทรายทองวัฒนา
KPT_4,4,KPT,139089,292,อำเภอบึงสามัคคี
KRI_1,1,KRI,132469,187,อำเภอเมืองกาญจนบุรี (ยกเว้นตำบลบ้านเก่า)
KRI_1,1,KRI,132469,187,อำเภอบ่อพลอย (เฉพาะตำบลหนองกุ่ม)
KRI_2,2,KRI,129827,209,อำเภอด่านมะขามเตี้ย
KRI_2,2,KRI,129827,209,อำเภอท่าม่วง
KRI_2,2,KRI,129827,209,"อำเภอพนมทวน (เฉพาะตำบลหนองโรง, ตำบลทุ่งสมอ, ตำบลดอนเจดีย์, ตำบลหนองสาหร่าย)"
KRI_3,3,KRI,134560,209,อำเภอท่ามะกา
KRI_3,3,KRI,134560,209,"อำเภอพนมทวน (ยกเว้นตำบลหนองโรง, ตำบลทุ่งสมอ, ตำบลดอนเจดีย์, ตำบลหนองสาหร่าย)"
KRI_4,4,KRI,130701,253,อำเภอเลาขวัญ
KRI_4,4,KRI,130701,253,อำเภอบ่อพลอย (ยกเว้นตำบลหนองกุ่ม)
KRI_4,4,KRI,130701,253,อำเภอหนองปรือ
KRI_4,4,KRI,130701,253,อำเภอห้วยกระเจา
KRI_5,5,KRI,118524,187,อำเภอเมืองกาญจนบุรี (เฉพาะตำบลบ้านเก่า)
KRI_5,5,KRI,118524,187,อำเภอไทรโยค
KRI_5,5,KRI,118524,187,อำเภอทองผาภูมิ
KRI_5,5,KRI,118524,187,อำเภอศรีสวัสดิ์
KRI_5,5,KRI,118524,187,อำเภอสังขละบุรี
KSN_1,1,KSN,130852,269,อำเภอเมืองกาฬสินธุ์
KSN_1,1,KSN,130852,269,อำเภอนามน (เฉพาะตำบลยอดแกง)
KSN_1,1,KSN,130852,269,อำเภอสมเด็จ (เฉพาะตำบลหนองแวง)
KSN_2,2,KSN,126334,240,อำเภอฆ้องชัย
KSN_2,2,KSN,126334,240,อำเภอยางตลาด
KSN_3,3,KSN,123129,264,อำเภอท่าคันโท
KSN_3,3,KSN,123129,264,อำเภอหนองกุงศรี
KSN_3,3,KSN,123129,264,อำเภอห้วยเม็ก
KSN_4,4,KSN,135311,296,อำเภอคำม่วง
KSN_4,4,KSN,135311,296,อำเภอสมเด็จ (ยกเว้นตำบลหนองแวง)
KSN_4,4,KSN,135311,296,อำเภอสหัสขันธ์
KSN_4,4,KSN,135311,296,อำเภอสามชัย
KSN_5,5,KSN,136843,278,อำเภอกมลาไสย
KSN_5,5,KSN,136843,278,อำเภอดอนจาน
KSN_5,5,KSN,136843,278,อำเภอนามน (ยกเว้นตำบลยอดแกง)
KSN_5,5,KSN,136843,278,อำเภอร่องคำ
KSN_5,5,KSN,136843,278,อำเภอห้วยผึ้ง
KSN_6,6,KSN,135745,270,อำเภอเขาวง
KSN_6,6,KSN,135745,270,อำเภอกุฉินารายณ์
KSN_6,6,KSN,135745,270,อำเภอนาคู
LEI_1,1,LEI,124668,223,อำเภอเมืองเลย
LEI_1,1,LEI,124668,223,อำเภอเอราวัณ
LEI_2,2,LEI,132119,262,อำเภอผาขาว
LEI_2,2,LEI,132119,262,อำเภอภูกระดึง
LEI_2,2,LEI,132119,262,อำเภอภูหลวง
LEI_2,2,LEI,132119,262,"อำเภอวังสะพุง (เฉพาะตำบลศรีสงคราม, ตำบลหนองหญ้าปล้อง, ตำบลโคกขมิ้น)"
LEI_2,2,LEI,132119,262,อำเภอหนองหิน
LEI_3,3,LEI,124786,288,อำเภอด่านซ้าย
LEI_3,3,LEI,124786,288,อำเภอนาแห้ว
LEI_3,3,LEI,124786,288,อำเภอภูเรือ
LEI_3,3,LEI,124786,288,"อำเภอวังสะพุง (ยกเว้นตำบลศรีสงคราม, ตำบลหนองหญ้าปล้อง, ตำบลโคกขมิ้น)"
LEI_4,4,LEI,123302,243,อำเภอเชียงคาน
LEI_4,4,LEI,123302,243,อำเภอท่าลี่
LEI_4,4,LEI,123302,243,อำเภอนาด้วง
LEI_4,4,LEI,123302,243,อำเภอปากชม
LPG_1,1,LPG,148928,275,อำเภอเมืองลำปาง (เฉพาะตำบลพิชัย (เทศบาลนครลำปาง))
LPG_1,1,LPG,148928,275,"อำเภอเมืองลำปาง (ยกเว้นตำบลบ้านแลง, ตำบลบ้านเสด็จ, เทศบาลเมืองเขลางค์นคร)"
LPG_1,1,LPG,148928,275,อำเภอห้างฉัตร
LPG_2,2,LPG,153674,330,อำเภอเมืองปาน
LPG_2,2,LPG,153674,330,"อำเภอเมืองลำปาง (เฉพาะตำบลบ้านแลง, ตำบลบ้านเสด็จ)"
LPG_2,2,LPG,153674,330,อำเภอแจ้ห่ม
LPG_2,2,LPG,153674,330,อำเภองาว
LPG_2,2,LPG,153674,330,อำเภอวังเหนือ
LPG_3,3,LPG,149146,250,อำเภอเมืองลำปาง (เฉพาะเทศบาลเมืองเขลางค์นคร)
LPG_3,3,LPG,149146,250,อำเภอเมืองลำปาง (ยกเว้นตำบลพิชัย (เทศบาลนครลำปาง))
LPG_3,3,LPG,149146,250,อำเภอแม่เมาะ
LPG_3,3,LPG,149146,250,อำเภอแม่ทะ
LPG_4,4,LPG,160855,332,อำเภอเกาะคา
LPG_4,4,LPG,160855,332,อำเภอเถิน
LPG_4,4,LPG,160855,332,อำเภอเสริมงาม
LPG_4,4,LPG,160855,332,อำเภอแม่พริก
LPG_4,4,LPG,160855,332,อำเภอสบปราบ
LPN_1,1,LPN,169284,325,อำเภอเมืองลำพูน
LPN_1,1,LPN,169284,325,อำเภอแม่ทา
LPN_1,1,LPN,169284,325,อำเภอบ้านธิ
LPN_2,2,LPN,164562,362,อำเภอเวียงหนองล่อง
LPN_2,2,LPN,164562,362,อำเภอทุ่งหัวช้าง
LPN_2,2,LPN,164562,362,อำเภอบ้านโฮ่ง
LPN_2,2,LPN,164562,362,อำเภอป่าซาง
LPN_2,2,LPN,164562,362,อำเภอลี้
LRI_1,1,LRI,118798,182,"อำเภอเมืองลพบุรี (เฉพาะเทศบาลเมืองลพบุรี, เทศบาลเมืองเขาสามยอด, เทศบาลตำบลถนนใหญ่, เทศบาลตำบลกกโก, เทศบาลตำบลป่าตาล, ตำบลทะเลชุบศร, ตำบลท่าแค, ตำบลโคกกะเทียม, ตำบลพรหมมาสตร์, ตำบลโพธิ์เก้าต้น, ตำบลบางขันหมาก, ตำบลโคกลำพาน)"
LRI_2,2,LRI,122143,190,"อำเภอเมืองลพบุรี (เฉพาะเทศบาลตำบลเขาพระงาม, เทศบาลตำบลท่าศาลา, เทศบาลตำบลโคกตูม)"
LRI_2,2,LRI,122143,190,"อำเภอโคกสำโรง (เฉพาะตำบลห้วยโป่ง, ตำบลหลุมข้าว)"
LRI_2,2,LRI,122143,190,อำเภอพัฒนานิคม
LRI_3,3,LRI,122542,228,"อำเภอเมืองลพบุรี (เฉพาะตำบลดอนโพธิ์, ตำบลโก่งธนู, ตำบลงิ้วราย, ตำบลตะลุง, ตำบลโพธิ์ตรุ, ตำบลท้ายตลาด, ตำบลบ้านข่อย, ตำบลสี่คลอง)"
LRI_3,3,LRI,122542,228,อำเภอท่าวุ้ง
LRI_3,3,LRI,122542,228,อำเภอบ้านหมี่
LRI_4,4,LRI,118600,224,อำเภอโคกเจริญ
LRI_4,4,LRI,118600,224,"อำเภอโคกสำโรง (ยกเว้นตำบลห้วยโป่ง, ตำบลหลุมข้าว)"
LRI_4,4,LRI,118600,224,อำเภอสระโบสถ์
LRI_4,4,LRI,118600,224,อำเภอหนองม่วง
LRI_5,5,LRI,116068,209,อำเภอชัยบาดาล
LRI_5,5,LRI,116068,209,อำเภอท่าหลวง
LRI_5,5,LRI,116068,209,อำเภอลำสนธิ
MDH_1,1,MDH,139641,271,"อำเภอเมืองมุกดาหาร (เฉพาะตำบลมุกดาหาร, ตำบลศรีบุญเรือง, ตำบลคำอาฮวน, ตำบลดงเย็น, ตำบลบางทรายใหญ่, ตำบลบ้านโคก, ตำบลคำป่าหลาย, ตำบลกุดแข้, ตำบลนาสีนวน, ตำบลโพนทราย)"
MDH_1,1,MDH,139641,271,อำเภอดอนตาล
MDH_1,1,MDH,139641,271,อำเภอหว้านใหญ่
MDH_2,2,MDH,137161,325,"อำเภอเมืองมุกดาหาร (เฉพาะตำบลผึ่งแดด, ตำบลดงมอน, ตำบลนาโสก)"
MDH_2,2,MDH,137161,325,อำเภอคำชะอี
MDH_2,2,MDH,137161,325,อำเภอดงหลวง
MDH_2,2,MDH,137161,325,อำเภอนิคมคำสร้อย
MDH_2,2,MDH,137161,325,อำเภอหนองสูง
MKM_1,1,MKM,126670,234,อำเภอเมืองมหาสารคาม
MKM_2,2,MKM,128155,331,อำเภอแกดำ
MKM_2,2,MKM,128155,331,"อำเภอบรบือ (เฉพาะตำบลหนองม่วง, ตำบลยาง, ตำบลบัวมาศ)"
MKM_2,2,MKM,128155,331,อำเภอวาปีปทุม
MKM_3,3,MKM,129655,283,อำเภอนาดูน
MKM_3,3,MKM,129655,283,อำเภอพยัคฆภูมิพิสัย
MKM_3,3,MKM,129655,283,อำเภอยางสีสุราช
MKM_4,4,MKM,125547,289,อำเภอนาเชือก
MKM_4,4,MKM,125547,289,"อำเภอบรบือ (ยกเว้นตำบลหนองม่วง, ตำบลยาง, ตำบลบัวมาศ)"
MKM_5,5,MKM,132574,340,อำเภอโกสุมพิสัย
MKM_5,5,MKM,132574,340,อำเภอกันทรวิชัย (เฉพาะตำบลเขวาใหญ่)
MKM_5,5,MKM,132574,340,อำเภอกุดรัง
MKM_6,6,MKM,131590,306,อำเภอเชียงยืน
MKM_6,6,MKM,131590,306,อำเภอกันทรวิชัย (ยกเว้นตำบลเขวาใหญ่)
MKM_6,6,MKM,131590,306,อำเภอชื่นชม
MSN_1,1,MSN,87277,238,อำเภอเมืองแม่ฮ่องสอน
MSN_1,1,MSN,87277,238,อำเภอขุนยวม
MSN_1,1,MSN,87277,238,อำเภอปางมะผ้า
MSN_1,1,MSN,87277,238,อำเภอปาย
MSN_2,2,MSN,93682,225,อำเภอแม่ลาน้อย
MSN_2,2,MSN,93682,225,อำเภอแม่สะเรียง
MSN_2,2,MSN,93682,225,อำเภอสบเมย
NAN_1,1,NAN,139675,287,อำเภอเมืองน่าน
NAN_1,1,NAN,139675,287,อำเภอท่าวังผา
NAN_1,1,NAN,139675,287,อำเภอภูเพียง
NAN_2,2,NAN,130372,345,อำเภอเวียงสา
NAN_2,2,NAN,130372,345,อำเภอแม่จริม
NAN_2,2,NAN,130372,345,อำเภอนาน้อย
NAN_2,2,NAN,130372,345,อำเภอนาหมื่น
NAN_2,2,NAN,130372,345,อำเภอบ้านหลวง
NAN_2,2,NAN,130372,345,อำเภอสันติสุข
NAN_3,3,NAN,119324,297,อำเภอเฉลิมพระเกียรติ
NAN_3,3,NAN,119324,297,อำเภอเชียงกลาง
NAN_3,3,NAN,119324,297,อำเภอทุ่งช้าง
NAN_3,3,NAN,119324,297,อำเภอบ่อเกลือ
NAN_3,3,NAN,119324,297,อำเภอปัว
NAN_3,3,NAN,119324,297,อำเภอสองแคว
NBI_1,1,NBI,139759,154,"อำเภอเมืองนนทบุรี (เฉพาะตำบลบางกระสอ, ตำบลท่าทราย, ตำบลบางเขน)"
NBI_2,2,NBI,123686,144,"อำเภอเมืองนนทบุรี (เฉพาะตำบลบางกร่าง, ตำบลบางศรีเมือง, ตำบลบางรักน้อย, ตำบลสวนใหญ่, ตำบลตลาดขวัญ)"
NBI_3,3,NBI,133301,193,อำเภอเมืองนนทบุรี (เฉพาะตำบลบางไผ่)
NBI_3,3,NBI,133301,193,อำเภอบางกรวย
NBI_4,4,NBI,126830,160,"อำเภอปากเกร็ด (เฉพาะตำบลบางพูด, ตำบลบ้านใหม่, ตำบลคลองเกลือ, ตำบลบางตลาด)"
NBI_5,5,NBI,130915,174,อำเภอเมืองนนทบุรี (เฉพาะตำบลไทรม้า)
NBI_5,5,NBI,130915,174,"อำเภอบางบัวทอง (เฉพาะตำบลลำโพ, ตำบลละหาร)"
NBI_5,5,NBI,130915,174,"อำเภอปากเกร็ด (ยกเว้นตำบลบางพูด, ตำบลบ้านใหม่, ตำบลคลองเกลือ, ตำบลบางตลาด)"
NBI_6,6,NBI,135099,152,อำเภอบางใหญ่
NBI_7,7,NBI,134641,160,"อำเภอไทรน้อย (เฉพาะตำบลไทรน้อย, ตำบลคลองขวาง)"
NBI_7,7,NBI,134641,160,"อำเภอบางบัวทอง (เฉพาะตำบลบางบัวทอง, ตำบลพิมลราช, ตำบลโสนลอย)"
NBI_8,8,NBI,132133,171,"อำเภอไทรน้อย (ยกเว้นตำบลไทรน้อย, ตำบลคลองขวาง)"
NBI_8,8,NBI,132133,171,"อำเภอบางบัวทอง (เฉพาะตำบลบางคูรัด, ตำบลบางรักพัฒนา, ตำบลบางรักใหญ่)"
NBP_1,1,NBP,138174,268,อำเภอเมืองหนองบัวลำภู
NBP_1,1,NBP,138174,268,"อำเภอโนนสัง (เฉพาะตำบลกุดดู่, ตำบลโนนสัง, ตำบลบ้านค้อ, ตำบลบ้านถิ่น, ตำบลปางกู่)"
NBP_2,2,NBP,135171,268,"อำเภอโนนสัง (เฉพาะตำบลหนองเรือ, ตำบลโนนเมือง, ตำบลโคกใหญ่, ตำบลโคกม่วง, ตำบลนิคมพัฒนา)"
NBP_2,2,NBP,135171,268,อำเภอนาวัง (ยกเว้นตำบลวังปลาป้อม)
NBP_2,2,NBP,135171,268,อำเภอศรีบุญเรือง
NBP_3,3,NBP,132168,261,อำเภอนากลาง
NBP_3,3,NBP,132168,261,อำเภอนาวัง (เฉพาะตำบลวังปลาป้อม)
NBP_3,3,NBP,132168,261,อำเภอสุวรรณคูหา
NKI_1,1,NKI,138031,272,"อำเภอเมืองหนองคาย (ยกเว้นตำบลพระธาตุบังพวน, ตำบลเวียงคุก)"
NKI_1,1,NKI,138031,272,"อำเภอโพนพิสัย (เฉพาะตำบลเหล่าต่างคำ, ตำบลทุ่งหลวง, ตำบลสร้างนางขาว)"
NKI_1,1,NKI,138031,272,อำเภอสระใคร
NKI_2,2,NKI,135200,273,อำเภอเฝ้าไร่
NKI_2,2,NKI,135200,273,"อำเภอโพนพิสัย (ยกเว้นตำบลเหล่าต่างคำ, ตำบลทุ่งหลวง, ตำบลสร้างนางขาว)"
NKI_2,2,NKI,135200,273,อำเภอรัตนวาปี
NKI_3,3,NKI,136969,254,"อำเภอเมืองหนองคาย (เฉพาะตำบลพระธาตุบังพวน, ตำบลเวียงคุก)"
NKI_3,3,NKI,136969,254,อำเภอโพธิ์ตาก
NKI_3,3,NKI,136969,254,อำเภอท่าบ่อ
NKI_3,3,NKI,136969,254,อำเภอศรีเชียงใหม่
NKI_3,3,NKI,136969,254,อำเภอสังคม
NMA_1,1,NMA,133391,240,"อำเภอเมืองนครราชสีมา (เฉพาะตำบลในเมือง, ตำบลโพธิ์กลาง, ตำบลหนองไผ่ล้อม)"
NMA_10,10,NMA,136114,300,"อำเภอเฉลิมพระเกียรติ (เฉพาะตำบลหนองงูเหลือม, ตำบลพระพุทธ, ตำบลหนองยาง)"
NMA_10,10,NMA,136114,300,อำเภอโชคชัย
NMA_10,10,NMA,136114,300,"อำเภอครบุรี (ยกเว้นตำบลมาบตะโกเอน, ตำบลตะแบกบาน, ตำบลลำเพียก, ตำบลโคกกระชาย, ตำบลสระว่านพระยา)"
NMA_11,11,NMA,130506,259,อำเภอเสิงสาง
NMA_11,11,NMA,130506,259,"อำเภอครบุรี (เฉพาะตำบลมาบตะโกเอน, ตำบลตะแบกบาน, ตำบลลำเพียก, ตำบลโคกกระชาย, ตำบลสระว่านพระยา)"
NMA_11,11,NMA,130506,259,อำเภอหนองบุญมาก
NMA_12,12,NMA,130773,318,อำเภอปักธงชัย
NMA_12,12,NMA,130773,318,อำเภอวังน้ำเขียว
NMA_13,13,NMA,128098,273,"อำเภอปากช่อง (เฉพาะตำบลวังไทร, ตำบลคลองม่วง, ตำบลวังกะทะ, ตำบลโป่งตาลอง)"
NMA_13,13,NMA,128098,273,อำเภอสีคิ้ว
NMA_14,14,NMA,127214,233,"อำเภอปากช่อง (ยกเว้นตำบลวังไทร, ตำบลคลองม่วง, ตำบลวังกะทะ, ตำบลโป่งตาลอง)"
NMA_15,15,NMA,136904,328,อำเภอเทพารักษ์
NMA_15,15,NMA,136904,328,อำเภอด่านขุนทด
NMA_15,15,NMA,136904,328,"อำเภอพระทองคำ (เฉพาะตำบลทัพรั้ง, ตำบลมาบกราด)"
NMA_16,16,NMA,135617,334,อำเภอขามสะแกแสง
NMA_16,16,NMA,135617,334,อำเภอคง
NMA_16,16,NMA,135617,334,อำเภอบ้านเหลื่อม
NMA_16,16,NMA,135617,334,"อำเภอพระทองคำ (ยกเว้นตำบลทัพรั้ง, ตำบลมาบกราด)"
NMA_2,2,NMA,133788,200,"อำเภอเมืองนครราชสีมา (เฉพาะตำบลโคกสูง, ตำบลบ้านโพธิ์, ตำบลตลาด, ตำบลหนองไข่น้ำ, ตำบลบ้านเกาะ, ตำบลพะเนา, ตำบลมะเริง, ตำบลหนองบัวศาลา, ตำบลหนองระเวียง, ตำบลหัวทะเล, ตำบลจอหอ)"
NMA_3,3,NMA,132266,220,"อำเภอเมืองนครราชสีมา (เฉพาะตำบลโคกกรวด, ตำบลปรุใหญ่, ตำบลหนองจะบก, ตำบลสุรนารี, ตำบลหมื่นไวย, ตำบลบ้านใหม่, ตำบลไชยมงคล, ตำบลหนองกระทุ่ม, ตำบลพลกรัง, ตำบลพุดซา, ตำบลสีมุม)"
NMA_3,3,NMA,132266,220,"อำเภอโนนไทย (เฉพาะตำบลด่านจาก, ตำบลกำปัง, ตำบลสำโรง)"
NMA_4,4,NMA,130123,292,"อำเภอโนนไทย (ยกเว้นตำบลด่านจาก, ตำบลกำปัง, ตำบลสำโรง)"
NMA_4,4,NMA,130123,292,อำเภอขามทะเลสอ
NMA_4,4,NMA,130123,292,อำเภอสูงเนิน
NMA_5,5,NMA,133040,287,"อำเภอเฉลิมพระเกียรติ (ยกเว้นตำบลพระพุทธ, ตำบลหนองยาง, ตำบลหนองงูเหลือม)"
NMA_5,5,NMA,133040,287,อำเภอโนนสูง
NMA_5,5,NMA,133040,287,"อำเภอพิมาย (เฉพาะตำบลสัมฤทธิ์, ตำบลชีวาน, ตำบลกระเบื้องใหญ่, ตำบลท่าหลวง)"
NMA_6,6,NMA,133641,304,อำเภอแก้งสนามนาง
NMA_6,6,NMA,133641,304,อำเภอบัวใหญ่
NMA_6,6,NMA,133641,304,อำเภอบัวลาย
NMA_6,6,NMA,133641,304,อำเภอสีดา
NMA_7,7,NMA,131470,323,อำเภอเมืองยาง
NMA_7,7,NMA,131470,323,อำเภอโนนแดง
NMA_7,7,NMA,131470,323,อำเภอประทาย
NMA_7,7,NMA,131470,323,อำเภอลำทะเมนชัย
NMA_8,8,NMA,132864,283,"อำเภอชุมพวง (ยกเว้นตำบลโนนตูม, ตำบลตลาดไทร)"
NMA_8,8,NMA,132864,283,"อำเภอพิมาย (ยกเว้นตำบลสัมฤทธิ์, ตำบลชีวาน, ตำบลกระเบื้องใหญ่, ตำบลท่าหลวง)"
NMA_9,9,NMA,134590,293,อำเภอจักราช
NMA_9,9,NMA,134590,293,"อำเภอชุมพวง (เฉพาะตำบลโนนตูม, ตำบลตลาดไทร)"
NMA_9,9,NMA,134590,293,อำเภอห้วยแถลง
NPM_1,1,NPM,141991,278,อำเภอนาทม
NPM_1,1,NPM,141991,278,อำเภอนาหว้า
NPM_1,1,NPM,141991,278,อำเภอบ้านแพง
NPM_1,1,NPM,141991,278,อำเภอศรีสงคราม
NPM_2,2,NPM,141127,279,"อำเภอเมืองนครพนม (เฉพาะเทศบาลเมืองนครพนม, ตำบลท่าค้อ, ตำบลนาราชควาย, ตำบลหนองญาติ, ตำบลอาจสามารถ)"
NPM_2,2,NPM,141127,279,อำเภอโพนสวรรค์
NPM_2,2,NPM,141127,279,อำเภอท่าอุเทน
NPM_3,3,NPM,142035,278,"อำเภอเมืองนครพนม (เฉพาะตำบลขามเฒ่า, ตำบลคำเตย, ตำบลนาทราย, ตำบลดงขวาง, ตำบลบ้านกลาง, ตำบลโพธิ์ตาก)"
NPM_3,3,NPM,142035,278,อำเภอเรณูนคร
NPM_3,3,NPM,142035,278,อำเภอธาตุพนม
NPM_4,4,NPM,143200,302,"อำเภอเมืองนครพนม (เฉพาะตำบลกุรุคุ, ตำบลบ้านผึ้ง, ตำบลวังตามัว)"
NPM_4,4,NPM,143200,302,อำเภอนาแก
NPM_4,4,NPM,143200,302,อำเภอปลาปาก
NPM_4,4,NPM,143200,302,อำเภอวังยาง
NPT_1,1,NPT,126387,208,"อำเภอเมืองนครปฐม (เฉพาะตำบลหนองดินแดง, ตำบลสระกะเทียม, ตำบลสวนป่าน, ตำบลวังเย็น, ตำบลพระประโทน, ตำบลบางแขม, ตำบลดอนยายหอม, ตำบลสามควายเผือก, ตำบลธรรมศาลา, ตำบลถนนขาด)"
NPT_1,1,NPT,126387,208,"อำเภอสามพราน (เฉพาะตำบลตลาดจินดา, ตำบลคลองจินดา, ตำบลบางช้าง, ตำบลคลองใหม่, ตำบลท่าตลาด, ตำบลหอมเกร็ด)"
NPT_2,2,NPT,120407,203,"อำเภอเมืองนครปฐม (เฉพาะตำบลทุ่งน้อย, ตำบลสนามจันทร์, ตำบลนครปฐม, ตำบลวังตะกู, ตำบลหนองปากโลง, ตำบลโพรงมะเดื่อ, ตำบลลำพยา, ตำบลห้วยจรเข้, ตำบลบ้านยาง, ตำบลบ่อพลับ, ตำบลพระปฐมเจดีย์)"
NPT_3,3,NPT,117970,224,"อำเภอเมืองนครปฐม (เฉพาะตำบลทัพหลวง, ตำบลตาก้อง, ตำบลหนองงูเหลือม, ตำบลมาบแค)"
NPT_3,3,NPT,117970,224,"อำเภอกำแพงแสน (เฉพาะตำบลกระตีบ, ตำบลทุ่งลูกนก, ตำบลทุ่งกระพังโหม, ตำบลทุ่งบัว, ตำบลห้วยขวาง, ตำบลทุ่งขวาง, ตำบลห้วยหมอนทอง, ตำบลกำแพงแสน, ตำบลรางพิกุล, ตำบลหนองกระทุ่ม, ตำบลวังน้ำเขียว, ตำบลดอนข่อย, ตำบลสระสี่มุม)"
NPT_4,4,NPT,126185,238,"อำเภอกำแพงแสน (ยกเว้นตำบลกระตีบ, ตำบลทุ่งลูกนก, ตำบลทุ่งกระพังโหม, ตำบลทุ่งบัว, ตำบลห้วยขวาง, ตำบลทุ่งขวาง, ตำบลห้วยหมอนทอง, ตำบลกำแพงแสน, ตำบลรางพิกุล, ตำบลหนองกระทุ่ม, ตำบลวังน้ำเขียว, ตำบลดอนข่อย, ตำบลสระสี่มุม)"
NPT_4,4,NPT,126185,238,อำเภอดอนตูม
NPT_4,4,NPT,126185,238,อำเภอบางเลน
NPT_5,5,NPT,127638,195,อำเภอนครชัยศรี
NPT_5,5,NPT,127638,195,อำเภอพุทธมณฑล
NPT_6,6,NPT,121200,179,"อำเภอสามพราน (ยกเว้นตำบลตลาดจินดา, ตำบลคลองจินดา, ตำบลบางช้าง, ตำบลคลองใหม่, ตำบลท่าตลาด, ตำบลหอมเกร็ด)"
NSN_1,1,NSN,139019,230,"อำเภอเมืองนครสวรรค์ (เฉพาะตำบลบ้านมะเกลือ, ตำบลบางพระหลวง, ตำบลบางม่วง, ตำบลวัดไทร, ตำบลบึงเสนาท, ตำบลเกรียงไกร, ตำบลแควใหญ่, ตำบลปากน้ำโพ, ตำบลนครสวรรค์ตก, ตำบลนครสวรรค์ออก, ตำบลตะเคียนเลื่อน, ตำบลกลางแดด)"
NSN_2,2,NSN,136050,269,"อำเภอเมืองนครสวรรค์ (เฉพาะตำบลบ้านแก่ง, ตำบลพระนอน, ตำบลหนองกรด, ตำบลหนองกระโดน, ตำบลหนองปลิง)"
NSN_2,2,NSN,136050,269,อำเภอโกรกพระ
NSN_2,2,NSN,136050,269,อำเภอพยุหะคีรี
NSN_3,3,NSN,147257,302,อำเภอเก้าเลี้ยว
NSN_3,3,NSN,147257,302,อำเภอชุมแสง
NSN_3,3,NSN,147257,302,อำเภอบรรพตพิสัย
NSN_4,4,NSN,140236,281,"อำเภอไพศาลี (เฉพาะตำบลโคกเดื่อ, ตำบลวังน้ำลัด, ตำบลวังข่อย, ตำบลนาขอม, ตำบลไพศาลี)"
NSN_4,4,NSN,140236,281,อำเภอท่าตะโก
NSN_4,4,NSN,140236,281,อำเภอหนองบัว
NSN_5,5,NSN,140241,289,"อำเภอไพศาลี (เฉพาะตำบลตะคร้อ, ตำบลสำโรงชัย, ตำบลโพธิ์ประสาท)"
NSN_5,5,NSN,140241,289,อำเภอตากฟ้า
NSN_5,5,NSN,140241,289,อำเภอตาคลี
NSN_6,6,NSN,136943,259,อำเภอแม่เปิน
NSN_6,6,NSN,136943,259,อำเภอแม่วงก์
NSN_6,6,NSN,136943,259,อำเภอชุมตาบง
NSN_6,6,NSN,136943,259,อำเภอลาดยาว
NST_1,1,NST,121449,189,"อำเภอนครศรีธรรมราช (เฉพาะเทศบาลนครนครศรีธรรมราช, ตำบลปากนคร, ตำบลท่าไร่, ตำบลท่าเรือ, ตำบลบางจาก, เทศบาลตำบลบางจัก, เทศบาลตำบลปากปวน)"
NST_10,10,NST,127071,224,อำเภอขนอม
NST_10,10,NST,127071,224,"อำเภอท่าศาลา (เฉพาะตำบลกลาย, ตำบลตลิ่งชัน, ตำบลสระแก้ว, ตำบลท่าขึ้น)"
NST_10,10,NST,127071,224,อำเภอสิชล
NST_2,2,NST,127265,181,"อำเภอนครศรีธรรมราช (เฉพาะตำบลท่างิ้ว, ตำบลกำแพงเซา, ตำบลโพธิ์เสด็จ, ตำบลนาเคียน, ตำบลนาทราย, ตำบลมะม่วงสองต้น, ตำบลไชยมนตรี, ตำบลปากพูน, ตำบลท่าซัก, เทศบาลตำบลท่าแค)"
NST_2,2,NST,127265,181,อำเภอพระพรหม
NST_3,3,NST,129145,273,อำเภอปากพนัง
NST_3,3,NST,129145,273,อำเภอหัวไทร
NST_4,4,NST,127614,266,อำเภอเฉลิมพระเกียรติ
NST_4,4,NST,127614,266,อำเภอเชียรใหญ่
NST_4,4,NST,127614,266,อำเภอชะอวด
NST_5,5,NST,122889,185,อำเภอจุฬาภรณ์
NST_5,5,NST,122889,185,อำเภอร่อนพิบูลย์
NST_5,5,NST,122889,185,อำเภอลานสกา
NST_6,6,NST,113993,184,อำเภอทุ่งสง (ยกเว้นตำบลเขาขาว)
NST_7,7,NST,118628,194,อำเภอถ้ำพรรณรา
NST_7,7,NST,118628,194,อำเภอทุ่งใหญ่
NST_7,7,NST,118628,194,อำเภอทุ่งสง (เฉพาะตำบลเขาขาว)
NST_7,7,NST,118628,194,อำเภอบางขัน
NST_8,8,NST,117640,250,อำเภอฉวาง
NST_8,8,NST,117640,250,อำเภอช้างกลาง
NST_8,8,NST,117640,250,อำเภอนาบอน
NST_8,8,NST,117640,250,อำเภอพิปูน
NST_9,9,NST,115084,205,"อำเภอท่าศาลา (เฉพาะตำบลท่าศาลา, ตำบลไทยบุรี, ตำบลหัวตะพาน, ตำบลโพธิ์ทอง, ตำบลโมคลาน, ตำบลดอนตะโก, เทศบาลตำบลท่าศาลา)"
NST_9,9,NST,115084,205,อำเภอนบพิตำ
NST_9,9,NST,115084,205,อำเภอพรหมคีรี
NWT_1,1,NWT,124808,211,อำเภอเมืองนราธิวาส
NWT_1,1,NWT,124808,211,อำเภอยี่งอ
NWT_2,2,NWT,109583,169,อำเภอตากใบ
NWT_2,2,NWT,109583,169,อำเภอสุไหงโก-ลก
NWT_3,3,NWT,108744,197,อำเภอเจาะไอร้อง
NWT_3,3,NWT,108744,197,อำเภอแว้ง
NWT_3,3,NWT,108744,197,อำเภอสุไหงปาดี
NWT_4,4,NWT,113416,202,อำเภอจะแนะ
NWT_4,4,NWT,113416,202,อำเภอระแงะ
NWT_4,4,NWT,113416,202,อำเภอสุคิริน
NWT_5,5,NWT,119961,221,อำเภอบาเจาะ
NWT_5,5,NWT,119961,221,อำเภอรือเสาะ
NWT_5,5,NWT,119961,221,อำเภอศรีสาคร
NYK_1,1,NYK,102844,210,อำเภอเมืองนครนายก
NYK_1,1,NYK,102844,210,อำเภอปากพลี
NYK_2,2,NYK,107118,250,อำเภอบ้านนา
NYK_2,2,NYK,107118,250,อำเภอองครักษ์
PBI_1,1,PBI,124094,205,อำเภอเมืองเพชรบุรี
PBI_1,1,PBI,124094,205,"อำเภอบ้านแหลม (ยกเว้นตำบลบ้านแหลม, ตำบลบางตะบูน, ตำบลบางตะบูนออก)"
PBI_2,2,PBI,135342,224,อำเภอชะอำ
PBI_2,2,PBI,135342,224,อำเภอท่ายาง
PBI_3,3,PBI,129624,274,อำเภอเขาย้อย
PBI_3,3,PBI,129624,274,อำเภอแก่งกระจาน
PBI_3,3,PBI,129624,274,"อำเภอบ้านแหลม (เฉพาะตำบลบ้านแหลม, ตำบลบางตะบูน, ตำบลบางตะบูนออก)"
PBI_3,3,PBI,129624,274,อำเภอบ้านลาด
PBI_3,3,PBI,129624,274,อำเภอหนองหญ้าปล้อง
PCT_1,1,PCT,145479,305,อำเภอเมืองพิจิตร
PCT_1,1,PCT,145479,305,อำเภอวชิรบารมี
PCT_1,1,PCT,145479,305,อำเภอสามง่าม
PCT_2,2,PCT,141727,352,อำเภอดงเจริญ
PCT_2,2,PCT,141727,352,อำเภอตะพานหิน
PCT_2,2,PCT,141727,352,อำเภอทับคล้อ
PCT_2,2,PCT,141727,352,อำเภอวังทรายพูน
PCT_2,2,PCT,141727,352,อำเภอสากเหล็ก
PCT_3,3,PCT,141655,351,อำเภอโพทะเล
PCT_3,3,PCT,141655,351,อำเภอโพธิ์ประทับช้าง
PCT_3,3,PCT,141655,351,อำเภอบางมูลนาก
PCT_3,3,PCT,141655,351,อำเภอบึงนาราง
PKN_1,1,PKN,150498,216,อำเภอเมืองประจวบคีรีข (ยกเว้นตำบลห้วยทราย)
PKN_1,1,PKN,150498,216,อำเภอกุยบุรี
PKN_1,1,PKN,150498,216,"อำเภอปราณบุรี (เฉพาะตำบลปากน้ำปราณ, เทศบาลตำบลปากน้ำปราณ)"
PKN_1,1,PKN,150498,216,อำเภอสามร้อยยอด
PKN_2,2,PKN,143315,195,"อำเภอปราณบุรี (ยกเว้นตำบลปากน้ำปราณ, เทศบาลตำบลปากน้ำปราณ)"
PKN_2,2,PKN,143315,195,อำเภอหัวหิน
PKN_3,3,PKN,137056,221,อำเภอเมืองประจวบคีรีข (เฉพาะตำบลห้วยทราย)
PKN_3,3,PKN,137056,221,อำเภอทับสะแก
PKN_3,3,PKN,137056,221,อำเภอบางสะพาน
PKN_3,3,PKN,137056,221,อำเภอบางสะพานน้อย
PKT_1,1,PKT,101043,128,"อำเภอเมืองภูเก็ต (เฉพาะตำบลตลาดใหญ่, ตำบลตลาดเหนือ, ตำบลรัษฎา, ตำบลเกาะแก้ว)"
PKT_2,2,PKT,102390,124,"อำเภอเมืองภูเก็ต (ยกเว้นตำบลตลาดใหญ่, ตำบลตลาดเหนือ, ตำบลรัษฎา, ตำบลเกาะแก้ว)"
PKT_2,2,PKT,102390,124,อำเภอกะทู้ (ยกเว้นตำบลกะทู้)
PKT_3,3,PKT,110042,128,อำเภอกะทู้ (เฉพาะตำบลกะทู้)
PKT_3,3,PKT,110042,128,อำเภอถลาง
PLG_1,1,PLG,133145,253,อำเภอเขาชัยสน
PLG_1,1,PLG,133145,253,อำเภอเมืองพัทลุง
PLG_2,2,PLG,143174,274,"อำเภอกงหรา (เฉพาะตำบลสมหวัง, ตำบลชะรัด)"
PLG_2,2,PLG,143174,274,อำเภอควนขนุน
PLG_2,2,PLG,143174,274,อำเภอป่าพะยอม
PLG_2,2,PLG,143174,274,อำเภอศรีนครินทร์
PLG_2,2,PLG,143174,274,อำเภอศรีบรรพต
PLG_3,3,PLG,141139,246,"อำเภอกงหรา (ยกเว้นตำบลสมหวัง, ตำบลชะรัด)"
PLG_3,3,PLG,141139,246,อำเภอตะโหมด
PLG_3,3,PLG,141139,246,อำเภอบางแก้ว
PLG_3,3,PLG,141139,246,อำเภอปากพะยูน
PLG_3,3,PLG,141139,246,อำเภอป่าบอน
PLK_1,1,PLK,139431,208,"อำเภอเมืองพิษณุโลก (เฉพาะตำบลในเมือง (เทศบาลนครพิษณุโลก), ตำบลวังน้ำคู้, ตำบลวัดจันทร์, ตำบลวัดพริก, ตำบลท่าทอง, ตำบลบ้านคลอง, ตำบลบึงพระ, ตำบลอรัญญิก (เทศบาลเมืองอรัญญิก), ตำบลพลายชุมพล (เทศบาลตำบลพลายชุมพล))"
PLK_2,2,PLK,145583,244,"อำเภอเมืองพิษณุโลก (เฉพาะตำบลสมอแข, ตำบลดอนทอง, ตำบลบ้านป่า, ตำบลปากโทก, ตำบลหัวรอ, ตำบลจอมทอง, ตำบลบ้านกร่าง, ตำบลมะขามสูง, ตำบลไผ่ขอดอน)"
PLK_2,2,PLK,145583,244,"อำเภอพรหมพิราม (เฉพาะตำบลพรหมพิราม, ตำบลท่าช้าง, ตำบลวงฆ้อง, ตำบลมะตูม, ตำบลหอกลอง, ตำบลศรีภิรมย์, ตำบลตลุกเทียม, ตำบลวังวน, ตำบลหนองแขม, ตำบลมะต้อง, ตำบลทับยายเชียง, ตำบลดงประคำ, เทศบาลตำบลวงฆ้อง (ตำบลวงฆ้อง), เทศบาลตำบลวงฆ้อง (ตำบลมะต้อง), เทศบาลตำบลพรหมพิราม)"
PLK_3,3,PLK,141856,267,"อำเภอเนินมะปราง (เฉพาะตำบลชมพู, ตำบลวังโพรง, ตำบลบ้านน้อยซุ้มขี้เ, ตำบลเนินมะปราง, ตำบลวังยาง, ตำบลบ้านมุง, เทศบาลตำบลบ้านมุง, ตำบลไทรย้อย, เทศบาลตำบลไทรย้อย, เทศบาลตำบลเนินมะปราง)"
PLK_3,3,PLK,141856,267,"อำเภอวังทอง (เฉพาะตำบลวังทอง, ตำบลพันชาลี, ตำบลแม่ระกา, ตำบลบ้านกลาง, ตำบลวังพิกุล, ตำบลแก่งโสภา, ตำบลท่าหมื่นราม, ตำบลวังนกแอ่น, ตำบลหนองพระ, ตำบลชัยนาม, ตำบลดินทอง, เทศบาลตำบลวังทอง)"
PLK_4,4,PLK,128045,274,"อำเภอเมืองพิษณุโลก (เฉพาะตำบลท่าโพธิ์, ตำบลงิ้วงาม)"
PLK_4,4,PLK,128045,274,อำเภอบางกระทุ่ม
PLK_4,4,PLK,128045,274,อำเภอบางระกำ
PLK_5,5,PLK,131621,284,"อำเภอชาติตระการ (เฉพาะตำบลป่าแดง, ตำบลชาติตระการ, ตำบลสวนเมี่ยง, ตำบลบ้านดง, ตำบลบ่อภาค, ตำบลท่าสะแก)"
PLK_5,5,PLK,131621,284,"อำเภอนครไทย (เฉพาะตำบลหนองกะท้าว, ตำบลเนินเพิ่ม, ตำบลนาบัว, ตำบลนครชุม, ตำบลน้ำกุ่ม, ตำบลยางโกลน, ตำบลบ่อโพธิ์, ตำบลบ้านพร้าว, ตำบลห้วยเฮี้ย, ตำบลบ้านแยง (เทศบาลตำบลบ้านแยง), ตำบลนครไทย)"
PLK_5,5,PLK,131621,284,"อำเภอวัดโบสถ์ (เฉพาะตำบลวัดโบสถ์, ตำบลท่างาม, ตำบลท้อแท้, ตำบลบ้านยาง, ตำบลหินลาด, ตำบลคันโช้ง, เทศบาลตำบลวัดโบสถ์ (ตำบลวัดโบสถ์), เทศบาลตำบลวัดโบสถ์ (ตำบลท่างาม), เทศบาลตำบลวัดโบสถ์ (ตำบลท้อแท้))"
PNA_1,1,PNA,98416,179,อำเภอเกาะยาว
PNA_1,1,PNA,98416,179,อำเภอเมืองพังงา
PNA_1,1,PNA,98416,179,อำเภอตะกั่วทุ่ง
PNA_1,1,PNA,98416,179,อำเภอทับปุด
PNA_2,2,PNA,108421,177,อำเภอกะปง
PNA_2,2,PNA,108421,177,อำเภอคุระบุรี
PNA_2,2,PNA,108421,177,อำเภอตะกั่วป่า
PNA_2,2,PNA,108421,177,อำเภอท้ายเหมือง
PNB_1,1,PNB,132232,240,"อำเภอเมืองเพชรบูรณ์ (เฉพาะเทศบาลเมืองเพชรบูรณ์, ตำบลชอนไพร, ตำบลนาป่า, ตำบลตะเบาะ, ตำบลนายม, ตำบลบ้านโตก, ตำบลสะเดียง, ตำบลน้ำร้อน, ตำบลห้วยใหญ่, ตำบลห้วยสะแก, ตำบลบ้านโคก, ตำบลระวิง, ตำบลดงมูลเหล็ก, เทศบาลตำบลวังชมภู, ตำบลวังชมภู)"
PNB_2,2,PNB,130721,275,"อำเภอเมืองเพชรบูรณ์ (ยกเว้นเทศบาลเมืองเพชรบูรณ์, ตำบลชอนไพร, ตำบลนาป่า, ตำบลตะเบาะ, ตำบลนายม, ตำบลบ้านโตก, ตำบลสะเดียง, ตำบลน้ำร้อน, ตำบลห้วยใหญ่, ตำบลห้วยสะแก, ตำบลบ้านโคก, ตำบลระวิง, ตำบลดงมูลเหล็ก, เทศบาลตำบลวังชมภู, ตำบลวังชมภู)"
PNB_2,2,PNB,130721,275,อำเภอน้ำหนาว
PNB_2,2,PNB,130721,275,"อำเภอหล่มสัก (เฉพาะเทศบาลเมืองหล่มสัก, ตำบลตาลเดี่ยว, ตำบลบ้านกลาง, ตำบลวัดป่า, ตำบลช้างตะลูด, ตำบลหนองไขว่, ตำบลบ้านไร่, ตำบลลานบ่า, ตำบลปากดุก, ตำบลปากช่อง, ตำบลบ้านโสก, ตำบลบ้านติ้ว, ตำบลห้วยไร่, ตำบลบ้านหวาย)"
PNB_3,3,PNB,126085,283,อำเภอเขาค้อ
PNB_3,3,PNB,126085,283,อำเภอหล่มเก่า
PNB_3,3,PNB,126085,283,"อำเภอหล่มสัก (ยกเว้นเทศบาลเมืองหล่มสัก, ตำบลตาลเดี่ยว, ตำบลบ้านกลาง, ตำบลวัดป่า, ตำบลช้างตะลูด, ตำบลหนองไขว่, ตำบลบ้านไร่, ตำบลลานบ่า, ตำบลปากดุก, ตำบลปากช่อง, ตำบลบ้านโสก, ตำบลบ้านติ้ว, ตำบลห้วยไร่, ตำบลบ้านหวาย)"
PNB_4,4,PNB,126827,292,อำเภอชนแดน
PNB_4,4,PNB,126827,292,อำเภอวังโป่ง
PNB_4,4,PNB,126827,292,"อำเภอหนองไผ่ (เฉพาะเทศบาลตำบลหนองไผ่, ตำบลหนองไผ่, เทศบาลตำบลเฉลียงทอง, เทศบาลตำบลนาเฉลียง, เทศบาลตำบลบัววัฒนา, ตำบลห้วยโป่ง, ตำบลยางงาม)"
PNB_5,5,PNB,132872,281,อำเภอบึงสามพัน
PNB_5,5,PNB,132872,281,"อำเภอวิเชียรบุรี (เฉพาะตำบลสามแยก, ตำบลยางสาว, ตำบลโคกปรง, ตำบลบึงกระจับ)"
PNB_5,5,PNB,132872,281,"อำเภอหนองไผ่ (ยกเว้นเทศบาลตำบลหนองไผ่, ตำบลหนองไผ่, เทศบาลตำบลเฉลียงทอง, เทศบาลตำบลนาเฉลียง, เทศบาลตำบลบัววัฒนา, ตำบลห้วยโป่ง, ตำบลยางงาม)"
PNB_6,6,PNB,135651,276,"อำเภอวิเชียรบุรี (ยกเว้นตำบลสามแยก, ตำบลยางสาว, ตำบลโคกปรง, ตำบลบึงกระจับ)"
PNB_6,6,PNB,135651,276,อำเภอศรีเทพ
PRE_1,1,PRE,123828,244,"อำเภอเมืองแพร่ (ยกเว้นตำบลวังธง, ตำบลวังหงส์, ตำบลท่าข้าม, ตำบลแม่ยม, ตำบลห้วยม้า, ตำบลแม่หล่าย, ตำบลแม่คำมี)"
PRE_1,1,PRE,123828,244,"อำเภอสูงเม่น (ยกเว้นตำบลหัวฝาย, ตำบลบ้านปง)"
PRE_2,2,PRE,118557,276,"อำเภอเมืองแพร่ (เฉพาะตำบลวังธง, ตำบลวังหงส์, ตำบลท่าข้าม, ตำบลแม่ยม, ตำบลห้วยม้า, ตำบลแม่หล่าย, ตำบลแม่คำมี)"
PRE_2,2,PRE,118557,276,อำเภอร้องกวาง
PRE_2,2,PRE,118557,276,อำเภอสอง
PRE_2,2,PRE,118557,276,อำเภอหนองม่วงไข่
PRE_3,3,PRE,123630,254,อำเภอเด่นชัย
PRE_3,3,PRE,123630,254,อำเภอลอง
PRE_3,3,PRE,123630,254,อำเภอวังชิ้น
PRE_3,3,PRE,123630,254,"อำเภอสูงเม่น (เฉพาะตำบลหัวฝาย, ตำบลบ้านปง)"
PRI_1,1,PRI,129189,237,อำเภอเมืองปราจีนบุรี
PRI_1,1,PRI,129189,237,อำเภอบ้านสร้าง
PRI_1,1,PRI,129189,237,อำเภอศรีมโหสถ
PRI_2,2,PRI,136249,274,"อำเภอนาดี (เฉพาะตำบลนาดี, ตำบลบุพราหมณ์, ตำบลสำพันตา, ตำบลสะพานหิน, เทศบาลตำบลนาดี)"
PRI_2,2,PRI,136249,274,อำเภอประจันตคาม
PRI_2,2,PRI,136249,274,อำเภอศรีมหาโพธิ
PRI_3,3,PRI,129351,254,อำเภอกบินทร์บุรี
PRI_3,3,PRI,129351,254,"อำเภอนาดี (ยกเว้นตำบลนาดี, ตำบลบุพราหมณ์, ตำบลสำพันตา, ตำบลสะพานหิน, เทศบาลตำบลนาดี)"
PTE_1,1,PTE,131911,202,"อำเภอเมืองปทุมธานี (เฉพาะตำบลบ้านฉาง, ตำบลบางหลวง, ตำบลบางเดื่อ)"
PTE_1,1,PTE,131911,202,อำเภอลาดหลุมแก้ว
PTE_1,1,PTE,131911,202,อำเภอสามโคก
PTE_2,2,PTE,135661,186,"อำเภอเมืองปทุมธานี (ยกเว้นตำบลบ้านฉาง, ตำบลบางหลวง, ตำบลบางเดื่อ, ตำบลสวนพริกไทย)"
PTE_3,3,PTE,126841,201,"อำเภอคลองหลวง (เฉพาะเทศบาลเมืองท่าโขลง, ตำบลคลองสาม)"
PTE_4,4,PTE,133035,185,อำเภอเมืองปทุมธานี (เฉพาะตำบลสวนพริกไทย)
PTE_4,4,PTE,133035,185,อำเภอคลองหลวง (เฉพาะเทศบาลเมืองคลองหลวง)
PTE_4,4,PTE,133035,185,อำเภอธัญบุรี (เฉพาะตำบลประชาธิปัตย์)
PTE_5,5,PTE,143098,211,"อำเภอคลองหลวง (เฉพาะตำบลคลองสี่, ตำบลคลองห้า, ตำบลคลองหก, ตำบลคลองเจ็ด)"
PTE_5,5,PTE,143098,211,"อำเภอธัญบุรี (เฉพาะตำบลบึงยี่โถ, ตำบลรังสิต, ตำบลลำผักกูด)"
PTE_5,5,PTE,143098,211,"อำเภอหนองเสือ (เฉพาะตำบลบึงชำอ้อ, ตำบลบึงกาสาม, ตำบลนพรัตน์)"
PTE_6,6,PTE,147192,228,"อำเภอลำลูกกา (เฉพาะตำบลคูคต, ตำบลลาดสวาย)"
PTE_7,7,PTE,142903,209,"อำเภอธัญบุรี (เฉพาะตำบลบึงสนั่น, ตำบลบึงน้ำรักษ์)"
PTE_7,7,PTE,142903,209,"อำเภอลำลูกกา (เฉพาะตำบลบึงคำพร้อย, ตำบลลำลูกกา, ตำบลบึงทองหลาง, ตำบลลำไทร, ตำบลบึงคอไห, ตำบลพืชอุดม)"
PTE_7,7,PTE,142903,209,"อำเภอหนองเสือ (เฉพาะตำบลบึงบอน, ตำบลบึงบา, ตำบลหนองสามวัง, ตำบลศาลาครุ)"
PTN_1,1,PTN,95339,136,อำเภอเมืองปัตตานี
PTN_2,2,PTN,107850,184,อำเภอโคกโพธิ์
PTN_2,2,PTN,107850,184,อำเภอหนองจิก
PTN_3,3,PTN,95635,145,อำเภอแม่ลาน
PTN_3,3,PTN,95635,145,อำเภอทุ่งยางแดง
PTN_3,3,PTN,95635,145,อำเภอยะรัง
PTN_4,4,PTN,106337,188,อำเภอไม้แก่น
PTN_4,4,PTN,106337,188,อำเภอกะพ้อ
PTN_4,4,PTN,106337,188,อำเภอปะนาเระ
PTN_4,4,PTN,106337,188,อำเภอสายบุรี
PTN_5,5,PTN,104912,173,อำเภอมายอ
PTN_5,5,PTN,104912,173,อำเภอยะหริ่ง
PYO_1,1,PYO,126264,275,อำเภอเมืองพะเยา
PYO_1,1,PYO,126264,275,อำเภอแม่ใจ
PYO_2,2,PYO,128650,289,อำเภอเชียงคำ
PYO_2,2,PYO,128650,289,อำเภอจุน
PYO_2,2,PYO,128650,289,อำเภอภูซาง
PYO_3,3,PYO,131893,298,อำเภอเชียงม่วน
PYO_3,3,PYO,131893,298,อำเภอดอกคำใต้
PYO_3,3,PYO,131893,298,อำเภอปง
PYO_3,3,PYO,131893,298,อำเภอภูกามยาว
RBR_1,1,RBR,138665,219,"อำเภอเมืองราชบุรี (ยกเว้นตำบลน้ำพุ, ตำบลห้วยไผ่, ตำบลดอนแร่, ตำบลอ่างทอง)"
RBR_2,2,RBR,133083,225,"อำเภอเมืองราชบุรี (เฉพาะตำบลน้ำพุ, ตำบลห้วยไผ่, ตำบลดอนแร่, ตำบลอ่างทอง)"
RBR_2,2,RBR,133083,225,อำเภอบ้านคา
RBR_2,2,RBR,133083,225,อำเภอปากท่อ
RBR_2,2,RBR,133083,225,อำเภอวัดเพลง
RBR_2,2,RBR,133083,225,อำเภอสวนผึ้ง
RBR_3,3,RBR,138716,238,"อำเภอโพธาราม (ยกเว้นตำบลบ้านฆ้อง, ตำบลบ้านสิงห์, ตำบลดอนทราย)"
RBR_3,3,RBR,138716,238,อำเภอจอมบึง
RBR_4,4,RBR,138958,206,อำเภอบ้านโป่ง
RBR_5,5,RBR,133041,223,"อำเภอโพธาราม (เฉพาะตำบลบ้านฆ้อง, ตำบลบ้านสิงห์, ตำบลดอนทราย)"
RBR_5,5,RBR,133041,223,อำเภอดำเนินสะดวก
RBR_5,5,RBR,133041,223,อำเภอบางแพ
RET_1,1,RET,126204,248,อำเภอเมืองร้อยเอ็ด
RET_2,2,RET,136456,362,อำเภอเชียงขวัญ
RET_2,2,RET,136456,362,อำเภอโพธิ์ชัย
RET_2,2,RET,136456,362,"อำเภอโพนทอง (เฉพาะตำบลอุ่มเม่า, ตำบลนาอุดม, ตำบลคำนาดี)"
RET_2,2,RET,136456,362,อำเภอจังหาร
RET_2,2,RET,136456,362,"อำเภอธวัชบุรี (เฉพาะตำบลหนองพอก, ตำบลธวัชบุรี, ตำบลมะอึ)"
RET_3,3,RET,132389,298,อำเภอเมยวดี
RET_3,3,RET,132389,298,"อำเภอโพนทอง (เฉพาะตำบลแวง, ตำบลโคกกกม่วง, ตำบลสว่าง, ตำบลหนองใหญ่, ตำบลโนนชัยศรี, ตำบลพรมสวรรค์, ตำบลสระนกแก้ว, ตำบลวังสามัคคี, ตำบลโพธิ์ทอง)"
RET_3,3,RET,132389,298,อำเภอหนองพอก
RET_4,4,RET,129799,329,อำเภอเสลภูมิ
RET_4,4,RET,129799,329,"อำเภอโพนทอง (เฉพาะตำบลโคกสูง, ตำบลโพธิ์ศรีสว่าง)"
RET_4,4,RET,129799,329,"อำเภอทุ่งเขาหลวง (เฉพาะตำบลทุ่งเขาหลวง, ตำบลบึงงาม, ตำบลมะบ้า)"
RET_4,4,RET,129799,329,"อำเภอธวัชบุรี (เฉพาะตำบลบึงนคร, ตำบลธงธานี, ตำบลไพศาล)"
RET_5,5,RET,133547,342,"อำเภอทุ่งเขาหลวง (ยกเว้นตำบลทุ่งเขาหลวง, ตำบลบึงงาม, ตำบลมะบ้า)"
RET_5,5,RET,133547,342,"อำเภอธวัชบุรี (เฉพาะตำบลนิเวศน์, ตำบลหนองไผ่, ตำบลอุ่มเม้า)"
RET_5,5,RET,133547,342,อำเภอพนมไพร
RET_5,5,RET,133547,342,อำเภอหนองฮี (เฉพาะตำบลหนองฮี)
RET_5,5,RET,133547,342,"อำเภออาจสามารถ (เฉพาะตำบลโพนเมือง, ตำบลบ้านแจ้ง, ตำบลอาจสามารถ, ตำบลหน่อม, ตำบลหนองหมื่นถ่าน, ตำบลหนองขาม)"
RET_6,6,RET,130379,297,อำเภอโพนทราย
RET_6,6,RET,130379,297,อำเภอสุวรรณภูมิ
RET_6,6,RET,130379,297,อำเภอหนองฮี (ยกเว้นตำบลหนองฮี)
RET_7,7,RET,134249,311,อำเภอเกษตรวิสัย
RET_7,7,RET,134249,311,"อำเภอเมืองสรวง (เฉพาะตำบลคูเมือง, ตำบลกกกุง, ตำบลหนองหิน)"
RET_7,7,RET,134249,311,อำเภอปทุมรัตต์
RET_8,8,RET,131683,338,"อำเภอเมืองสรวง (ยกเว้นตำบลคูเมือง, ตำบลกกกุง, ตำบลหนองหิน)"
RET_8,8,RET,131683,338,อำเภอจตุรพักตรพิมาน
RET_8,8,RET,131683,338,"อำเภอธวัชบุรี (เฉพาะตำบลราชธานี, ตำบลเขวาทุ่ง, ตำบลเมืองน้อย)"
RET_8,8,RET,131683,338,อำเภอศรีสมเด็จ
RET_8,8,RET,131683,338,"อำเภออาจสามารถ (ยกเว้นตำบลโพนเมือง, ตำบลบ้านแจ้ง, ตำบลอาจสามารถ, ตำบลหน่อม, ตำบลหนองหมื่นถ่าน, ตำบลหนองขาม)"
RNG_1,1,RNG,140024,209,
RYG_1,1,RYG,113424,149,"อำเภอเมืองระยอง (เฉพาะเทศบาลเมืองมาบตาพุด, เทศบาลตำบลเนินพระ, เทศบาลตำบลทับมา, เทศบาลตำบลน้ำคอก, ตำบลนาตาขวัญ, ตำบลบ้านแลง)"
RYG_1,1,RYG,113424,149,อำเภอนิคมพัฒนา (เฉพาะเทศบาลเมืองมาบตาพุด)
RYG_1,1,RYG,113424,149,อำเภอบ้านค่าย (เฉพาะตำบลตาขัน)
RYG_2,2,RYG,114586,152,"อำเภอเมืองระยอง (ยกเว้นเทศบาลเมืองมาบตาพุด, เทศบาลตำบลเนินพระ, เทศบาลตำบลทับมา, เทศบาลตำบลน้ำคอก, ตำบลนาตาขวัญ, ตำบลบ้านแลง)"
RYG_3,3,RYG,122663,208,อำเภอเขาชะเมา
RYG_3,3,RYG,122663,208,อำเภอแกลง
RYG_4,4,RYG,120353,160,อำเภอบ้านค่าย (ยกเว้นตำบลตาขัน)
RYG_4,4,RYG,120353,160,อำเภอปลวกแดง (ยกเว้นตำบลแม่น้ำคู้)
RYG_4,4,RYG,120353,160,อำเภอวังจันทร์
RYG_5,5,RYG,116634,134,อำเภอนิคมพัฒนา (ยกเว้นเทศบาลเมืองมาบตาพุด)
RYG_5,5,RYG,116634,134,อำเภอบ้านฉาง
RYG_5,5,RYG,116634,134,อำเภอปลวกแดง (เฉพาะตำบลแม่น้ำคู้)
SBR_1,1,SBR,168055,213,
SKA_1,1,SKA,128342,188,อำเภอเมืองสงขลา
SKA_2,2,SKA,109814,175,"อำเภอหาดใหญ่ (เฉพาะตำบลหาดใหญ่, ตำบลคลองอู่ตะเภา)"
SKA_3,3,SKA,128839,193,"อำเภอจะนะ (เฉพาะตำบลคลองเปียะ, ตำบลจะโหนง)"
SKA_3,3,SKA,128839,193,อำเภอนาหม่อม
SKA_3,3,SKA,128839,193,"อำเภอหาดใหญ่ (เฉพาะตำบลบ้านพรุ, ตำบลคอหงส์, ตำบลพะตง, ตำบลทุ่งใหญ่, ตำบลท่าข้าม, ตำบลน้ำน้อย)"
SKA_4,4,SKA,126419,239,อำเภอกระแสสินธุ์
SKA_4,4,SKA,126419,239,อำเภอระโนด
SKA_4,4,SKA,126419,239,อำเภอสทิงพระ
SKA_4,4,SKA,126419,239,"อำเภอสิงหนคร (เฉพาะตำบลม่วงงาม, ตำบลบางเขียด, ตำบลชะแล้, ตำบลรำแดง, ตำบลวัดขนุน)"
SKA_5,5,SKA,126828,213,อำเภอควนเนียง
SKA_5,5,SKA,126828,213,อำเภอรัตภูมิ
SKA_5,5,SKA,126828,213,"อำเภอสิงหนคร (เฉพาะตำบลปากรอ, ตำบลป่าขาด, ตำบลทำนบ, ตำบลชิงโค, ตำบลหัวเขา, ตำบลสทิงหม้อ)"
SKA_6,6,SKA,113547,168,อำเภอคลองหอยโข่ง
SKA_6,6,SKA,113547,168,อำเภอสะเดา
SKA_7,7,SKA,119860,200,อำเภอเทพา (เฉพาะตำบลลำไพล)
SKA_7,7,SKA,119860,200,อำเภอนาทวี
SKA_7,7,SKA,119860,200,อำเภอสะบ้าย้อย
SKA_8,8,SKA,116955,204,"อำเภอเทพา (เฉพาะตำบลเทพา, ตำบลปากบาง, ตำบลเกาะสะบ้า, ตำบลท่าม่วง, ตำบลวังใหญ่, ตำบลสะกอม)"
SKA_8,8,SKA,116955,204,"อำเภอจะนะ (เฉพาะตำบลบ้านนา, ตำบลป่าชิง, ตำบลสะพานไม้แก่น, ตำบลสะกอม, ตำบลนาหว้า, ตำบลน้ำขาว, ตำบลขุนตัดหวาย, ตำบลท่าหมอไทร, ตำบลคู, ตำบลแค, ตำบลตลิ่งชัน)"
SKA_9,9,SKA,127785,168,อำเภอบางกล่ำ
SKA_9,9,SKA,127785,168,"อำเภอหาดใหญ่ (เฉพาะตำบลคลองแห, ตำบลควนลัง, ตำบลฉลุง, ตำบลทุ่งตำเสา, ตำบลคูเต่า)"
SKM_1,1,SKM,156558,257,
SKN_1,1,SKN,151106,189,"อำเภอเมืองสมุทรสาคร (เฉพาะตำบลมหาชัย, ตำบลท่าฉลอม, ตำบลโกรกกราก, ตำบลบางหญ้าแพรก, ตำบลท่าทราย, ตำบลโคกขาม, ตำบลพันท้ายนรสิงห์, ตำบลคอกกระบือ, ตำบลบางน้ำจืด)"
SKN_2,2,SKN,145033,175,อำเภอเมืองสมุทรสาคร (เฉพาะตำบลนาดี)
SKN_2,2,SKN,145033,175,"อำเภอกระทุ่มแบน (เฉพาะตำบลอ้อมน้อย, ตำบลสวนหลวง, ตำบลท่าไม้, ตำบลตลาดกระทุ่มแบน, ตำบลแคราย, ตำบลคลองมะเดื่อ, ตำบลดอนไก่ดี)"
SKN_3,3,SKN,150251,251,"อำเภอเมืองสมุทรสาคร (เฉพาะตำบลนาโคก, ตำบลกาหลง, ตำบลบางโทรัด, ตำบลชัยมงคล, ตำบลบ้านบ่อ, ตำบลบางกระเจ้า, ตำบลบ้านเกาะ, ตำบลท่าจีน)"
SKN_3,3,SKN,150251,251,"อำเภอกระทุ่มแบน (เฉพาะตำบลท่าเสา, ตำบลบางยาง, ตำบลหนองนกไข่)"
SKN_3,3,SKN,150251,251,อำเภอบ้านแพ้ว
SKW_1,1,SKW,145448,254,อำเภอเขาฉกรรจ์
SKW_1,1,SKW,145448,254,อำเภอเมืองสระแก้ว
SKW_1,1,SKW,145448,254,อำเภอวังน้ำเย็น (เฉพาะตำบลทุ่งมหาเจริญ)
SKW_2,2,SKW,143258,282,อำเภอคลองหาด
SKW_2,2,SKW,143258,282,อำเภอวังน้ำเย็น (ยกเว้นตำบลทุ่งมหาเจริญ)
SKW_2,2,SKW,143258,282,อำเภอวังสมบูรณ์
SKW_2,2,SKW,143258,282,"อำเภอวัฒนานคร (ยกเว้นตำบลช่องกุ่ม, ตำบลแซร์ออ)"
SKW_3,3,SKW,148906,264,อำเภอโคกสูง
SKW_3,3,SKW,148906,264,อำเภอตาพระยา
SKW_3,3,SKW,148906,264,"อำเภอวัฒนานคร (เฉพาะตำบลช่องกุ่ม, ตำบลแซร์ออ)"
SKW_3,3,SKW,148906,264,อำเภออรัญประเทศ
SNI_1,1,SNI,115687,163,"อำเภอเมืองสุราษฎร์ธาน (ยกเว้นตำบลวัดประดู่, ตำบลขุนทะเล)"
SNI_2,2,SNI,114421,189,อำเภอเกาะพะงัน
SNI_2,2,SNI,114421,189,อำเภอเกาะสมุย
SNI_2,2,SNI,114421,189,"อำเภอกาญจนดิษฐ์ (เฉพาะตำบลท่าทอง, ตำบลพลายวาส, ตำบลท่าอุแท, ตำบลคลองสระ)"
SNI_2,2,SNI,114421,189,อำเภอดอนสัก
SNI_3,3,SNI,117204,221,อำเภอเคียนซา (ยกเว้นตำบลบ้านเสด็จ)
SNI_3,3,SNI,117204,221,อำเภอเวียงสระ
SNI_3,3,SNI,117204,221,"อำเภอบ้านนาสาร (ยกเว้นตำบลทุ่งเตา, ตำบลทุ่งเตาใหม่)"
SNI_4,4,SNI,121209,215,อำเภอคีรีรัฐนิคม
SNI_4,4,SNI,121209,215,อำเภอบ้านตาขุน
SNI_4,4,SNI,121209,215,อำเภอพุนพิน
SNI_5,5,SNI,118628,212,อำเภอเคียนซา (เฉพาะตำบลบ้านเสด็จ)
SNI_5,5,SNI,118628,212,อำเภอชัยบุรี
SNI_5,5,SNI,118628,212,อำเภอพนม
SNI_5,5,SNI,118628,212,อำเภอพระแสง
SNI_6,6,SNI,123057,233,อำเภอไชยา
SNI_6,6,SNI,123057,233,อำเภอท่าฉาง
SNI_6,6,SNI,123057,233,อำเภอท่าชนะ
SNI_6,6,SNI,123057,233,อำเภอวิภาวดี
SNI_7,7,SNI,120124,201,"อำเภอเมืองสุราษฎร์ธาน (เฉพาะตำบลขุนทะเล, ตำบลวัดประดู่)"
SNI_7,7,SNI,120124,201,"อำเภอกาญจนดิษฐ์ (ยกเว้นตำบลท่าทอง, ตำบลพลายวาส, ตำบลท่าอุแท, ตำบลคลองสระ)"
SNI_7,7,SNI,120124,201,อำเภอบ้านนาเดิม
SNI_7,7,SNI,120124,201,"อำเภอบ้านนาสาร (เฉพาะตำบลทุ่งเตา, ตำบลทุ่งเตาใหม่)"
SNK_1,1,SNK,132365,220,"อำเภอเมืองสกลนคร (ยกเว้นตำบลหนองลาด, ตำบลโคกก่อง, ตำบลม่วงลาย, ตำบลดงชน, ตำบลโนนหอม)"
SNK_2,2,SNK,130776,254,อำเภอเต่างอย
SNK_2,2,SNK,130776,254,"อำเภอเมืองสกลนคร (เฉพาะตำบลโคกก่อง, ตำบลม่วงลาย, ตำบลดงชน, ตำบลโนนหอม)"
SNK_2,2,SNK,130776,254,อำเภอโคกศรีสุพรรณ
SNK_2,2,SNK,130776,254,อำเภอโพนนาแก้ว
SNK_2,2,SNK,130776,254,อำเภอกุสุมาลย์
SNK_3,3,SNK,132722,256,อำเภอเมืองสกลนคร (เฉพาะตำบลหนองลาด)
SNK_3,3,SNK,132722,256,อำเภอพรรณานิคม
SNK_3,3,SNK,132722,256,อำเภอวานรนิวาส (เฉพาะตำบลนาซอ)
SNK_3,3,SNK,132722,256,อำเภออากาศอำนวย
SNK_4,4,SNK,127316,250,อำเภอกุดบาก
SNK_4,4,SNK,127316,250,อำเภอนิคมน้ำอูน
SNK_4,4,SNK,127316,250,อำเภอภูพาน
SNK_4,4,SNK,127316,250,อำเภอวาริชภูมิ
SNK_4,4,SNK,127316,250,อำเภอส่องดาว (ยกเว้นตำบลท่าศิลา)
SNK_5,5,SNK,128271,223,อำเภอสว่างแดนดิน
SNK_5,5,SNK,128271,223,อำเภอส่องดาว (เฉพาะตำบลท่าศิลา)
SNK_6,6,SNK,128348,234,อำเภอเจริญศิลป์
SNK_6,6,SNK,128348,234,อำเภอพังโคน
SNK_6,6,SNK,128348,234,"อำเภอวานรนิวาส (เฉพาะตำบลธาตุ, ตำบลเดื่อศรีคันไชย, ตำบลศรีวิชัย, ตำบลคอนสวรรค์, ตำบลหนองสนม, ตำบลขัวก่าย)"
SNK_7,7,SNK,129965,242,อำเภอคำตากล้า
SNK_7,7,SNK,129965,242,อำเภอบ้านม่วง
SNK_7,7,SNK,129965,242,"อำเภอวานรนิวาส (เฉพาะตำบลวานรนิวาส, ตำบลคูสะคาม, ตำบลหนองแวง, ตำบลอินทร์แปลง, ตำบลนาคำ, ตำบลกุดเรือคำ, ตำบลหนองแวงใต้)"
SPB_1,1,SPB,134481,228,อำเภอเมืองสุพรรณบุรี
SPB_2,2,SPB,130088,245,อำเภอบางปลาม้า
SPB_2,2,SPB,130088,245,"อำเภอสองพี่น้อง (เฉพาะเทศบาลเมืองสองพี่น้อง, ตำบลบางตาเถร, ตำบลบางเลน, ตำบลศรีสำราญ, ตำบลดอนมะนาว, ตำบลบ้านกุ่ม, ตำบลหัวโพธิ์, ตำบลเนินพระปรางค์, ตำบลบ้านช้าง, ตำบลบางตะเคียน, ตำบลบางพลับ, ตำบลต้นตาล)"
SPB_3,3,SPB,128971,259,"อำเภอสองพี่น้อง (เฉพาะเทศบาลตำบลเทพา, ตำบลทุ่งคอก, ตำบลหนองบ่อ, ตำบลบ่อสุพรรณ)"
SPB_3,3,SPB,128971,259,อำเภออู่ทอง
SPB_4,4,SPB,137079,271,อำเภอเดิมบางนางบวช
SPB_4,4,SPB,137079,271,อำเภอด่านช้าง
SPB_4,4,SPB,137079,271,"อำเภอหนองหญ้าไซ (เฉพาะตำบลแจงงาม, ตำบลหนองขาม, ตำบลทัพหลวง, ตำบลหนองโพธิ์)"
SPB_5,5,SPB,144666,233,อำเภอดอนเจดีย์
SPB_5,5,SPB,144666,233,อำเภอศรีประจันต์
SPB_5,5,SPB,144666,233,อำเภอสามชุก
SPB_5,5,SPB,144666,233,"อำเภอหนองหญ้าไซ (เฉพาะเทศบาลตำบลหนองหญ้าไซ, ตำบลหนองหญ้าไซ, ตำบลหนองราชวัตร)"
SPK_1,1,SPK,127894,182,"อำเภอเมืองสมุทรปราการ (เฉพาะตำบลบางโปรง, ตำบลบางด้วน, ตำบลบางเมือง, ตำบลท้ายบ้าน, ตำบลปากน้ำ)"
SPK_2,2,SPK,125225,142,"อำเภอเมืองสมุทรปราการ (เฉพาะตำบลบางปู, ตำบลบางปูใหม่, ตำบลแพรกษา, ตำบลท้ายบ้านใหม่)"
SPK_3,3,SPK,140971,180,"อำเภอเมืองสมุทรปราการ (เฉพาะตำบลเทพารักษ์, ตำบลสำโรงเหนือ, ตำบลบางเมืองใหม่)"
SPK_4,4,SPK,126797,123,"อำเภอบางพลี (เฉพาะตำบลบางพลีใหญ่, ตำบลบางแก้ว)"
SPK_5,5,SPK,148174,159,อำเภอเมืองสมุทรปราการ (เฉพาะตำบลแพรกษาใหม่)
SPK_5,5,SPK,148174,159,อำเภอบางเสาธง (เฉพาะตำบลศีรษะจรเข้น้อย)
SPK_5,5,SPK,148174,159,"อำเภอบางพลี (เฉพาะตำบลบางปลา, ตำบลบางโฉลง, ตำบลราชาเทวะ, ตำบลหนองปรือ)"
SPK_6,6,SPK,132580,236,อำเภอพระประแดง (ยกเว้นตำบลบางจาก)
SPK_7,7,SPK,139838,199,อำเภอพระประแดง (เฉพาะตำบลบางจาก)
SPK_7,7,SPK,139838,199,อำเภอพระสมุทรเจดีย์
SPK_8,8,SPK,144805,217,"อำเภอบางเสาธง (เฉพาะตำบลบางเสาธง, ตำบลศีรษะจรเข้ใหญ่)"
SPK_8,8,SPK,144805,217,อำเภอบางบ่อ
SRI_1,1,SRI,125843,170,อำเภอเฉลิมพระเกียรติ
SRI_1,1,SRI,125843,170,อำเภอเมืองสระบุรี (ยกเว้นตำบลหนองโน)
SRI_1,1,SRI,125843,170,อำเภอแก่งคอย (เฉพาะตำบลห้วยแห้ง)
SRI_2,2,SRI,133170,203,อำเภอแก่งคอย (ยกเว้นตำบลห้วยแห้ง)
SRI_2,2,SRI,133170,203,อำเภอมวกเหล็ก
SRI_2,2,SRI,133170,203,อำเภอวังม่วง
SRI_3,3,SRI,123379,183,อำเภอเมืองสระบุรี (เฉพาะตำบลหนองโน)
SRI_3,3,SRI,123379,183,อำเภอวิหารแดง
SRI_3,3,SRI,123379,183,อำเภอหนองแค
SRI_3,3,SRI,123379,183,อำเภอหนองแซง
SRI_4,4,SRI,126626,203,อำเภอเสาไห้
SRI_4,4,SRI,126626,203,อำเภอดอนพุด
SRI_4,4,SRI,126626,203,อำเภอบ้านหมอ
SRI_4,4,SRI,126626,203,อำเภอพระพุทธบาท
SRI_4,4,SRI,126626,203,อำเภอหนองโดน
SRN_1,1,SRN,135474,238,"อำเภอเมืองสุรินทร์ (เฉพาะเทศบาลเมืองสุรินทร์, ตำบลนอกเมือง, ตำบลคอโค, ตำบลตระแสง, ตำบลสวาย, ตำบลนาบัว, ตำบลเฉนียง, ตำบลเทนมีย์, ตำบลตาอ็อง, ตำบลสำโรง)"
SRN_1,1,SRN,135474,238,"อำเภอศีขรภูมิ (เฉพาะตำบลหนองเหล็ก, ตำบลตรมไพร)"
SRN_2,2,SRN,138819,259,อำเภอเขวาสินรินทร์
SRN_2,2,SRN,138819,259,"อำเภอเมืองสุรินทร์ (เฉพาะเทศบาลตำบลเหมือง, ตำบลเมืองที, ตำบลบุฤาษี, ตำบลแสลงพันธ์, ตำบลแกใหญ่, ตำบลท่าสว่าง, ตำบลนาดี, ตำบลเพี้ยราม, ตำบลตั้งใจ, ตำบลกาเกาะ, ตำบลสลักได, ตำบลราม)"
SRN_2,2,SRN,138819,259,"อำเภอศีขรภูมิ (เฉพาะตำบลแตล, ตำบลช่างปี่, ตำบลจารพัต)"
SRN_3,3,SRN,137655,290,อำเภอจอมพระ
SRN_3,3,SRN,137655,290,"อำเภอท่าตูม (ยกเว้นตำบลพรมเทพ, ตำบลทุ่งกุลา, ตำบลโพนครก)"
SRN_3,3,SRN,137655,290,อำเภอสนม (ยกเว้นตำบลหัวงัว)
SRN_4,4,SRN,139558,306,อำเภอชุมพลบุรี
SRN_4,4,SRN,139558,306,"อำเภอท่าตูม (เฉพาะตำบลพรมเทพ, ตำบลทุ่งกุลา, ตำบลโพนครก)"
SRN_4,4,SRN,139558,306,"อำเภอรัตนบุรี (ยกเว้นตำบลยางสว่าง, ตำบลเบิด)"
SRN_5,5,SRN,135435,294,อำเภอโนนนารายณ์
SRN_5,5,SRN,135435,294,"อำเภอรัตนบุรี (เฉพาะตำบลยางสว่าง, ตำบลเบิด)"
SRN_5,5,SRN,135435,294,"อำเภอศีขรภูมิ (เฉพาะเทศบาลตำบลศีขรภูมิ, ตำบลระแงง, ตำบลหนองขวาว, ตำบลขวาวใหญ่, ตำบลหนองบัว, ตำบลคาละแมะ, ตำบลนารุ่ง, ตำบลตรึม, ตำบลยาง)"
SRN_5,5,SRN,135435,294,อำเภอสนม (เฉพาะตำบลหัวงัว)
SRN_5,5,SRN,135435,294,อำเภอสำโรงทาบ
SRN_6,6,SRN,133015,263,อำเภอศรีณรงค์
SRN_6,6,SRN,133015,263,"อำเภอศีขรภูมิ (เฉพาะเทศบาลตำบลผักไหม, ตำบลกุดหวาย)"
SRN_6,6,SRN,133015,263,"อำเภอสังขะ (ยกเว้นตำบลตาตุม, ตำบลเทพรักษา)"
SRN_7,7,SRN,135557,281,อำเภอปราสาท (ยกเว้นตำบลโชคนาสาม)
SRN_7,7,SRN,135557,281,อำเภอลำดวน
SRN_8,8,SRN,134824,258,อำเภอกาบเชิง
SRN_8,8,SRN,134824,258,อำเภอบัวเชด
SRN_8,8,SRN,134824,258,อำเภอปราสาท (เฉพาะตำบลโชคนาสาม)
SRN_8,8,SRN,134824,258,อำเภอพนมดงรัก
SRN_8,8,SRN,134824,258,"อำเภอสังขะ (เฉพาะตำบลตาตุม, ตำบลเทพรักษา)"
SSK_1,1,SSK,132305,286,อำเภอเมืองศรีสะเกษ
SSK_1,1,SSK,132305,286,"อำเภอวังหิน (เฉพาะตำบลทุ่งสว่าง, ตำบลธาตุ, ตำบลบ่อแก้ว, ตำบลบุสูง)"
SSK_2,2,SSK,128102,284,"อำเภอโนนคูณ (เฉพาะตำบลบก, ตำบลโพธิ์)"
SSK_2,2,SSK,128102,284,อำเภอกันทรารมย์
SSK_2,2,SSK,128102,284,อำเภอน้ำเกลี้ยง
SSK_3,3,SSK,126665,285,อำเภอเบญจลักษ์
SSK_3,3,SSK,126665,285,"อำเภอโนนคูณ (ยกเว้นตำบลบก, ตำบลโพธิ์)"
SSK_3,3,SSK,126665,285,"อำเภอกันทรลักษ์ (เฉพาะตำบลภูเงิน, ตำบลกระแชง, ตำบลตระกาจ, ตำบลจานใหญ่)"
SSK_3,3,SSK,126665,285,อำเภอศรีรัตนะ
SSK_4,4,SSK,121068,240,"อำเภอกันทรลักษ์ (ยกเว้นตำบลภูเงิน, ตำบลกระแชง, ตำบลตระกาจ, ตำบลจานใหญ่)"
SSK_5,5,SSK,126260,235,อำเภอขุนหาญ
SSK_5,5,SSK,126260,235,อำเภอภูสิงห์
SSK_6,6,SSK,127792,299,อำเภอไพรบึง (เฉพาะตำบลสำโรงพลัน)
SSK_6,6,SSK,127792,299,อำเภอขุขันธ์
SSK_7,7,SSK,127300,330,อำเภอไพรบึง (ยกเว้นตำบลสำโรงพลัน)
SSK_7,7,SSK,127300,330,อำเภอปรางค์กู่
SSK_7,7,SSK,127300,330,อำเภอพยุห์
SSK_7,7,SSK,127300,330,"อำเภอวังหิน (ยกเว้นตำบลทุ่งสว่าง, ตำบลธาตุ, ตำบลบ่อแก้ว, ตำบลบุสูง)"
SSK_8,8,SSK,133076,371,อำเภอเมืองจันทร์
SSK_8,8,SSK,133076,371,อำเภอห้วยทับทัน
SSK_8,8,SSK,133076,371,อำเภออุทุมพรพิสัย
SSK_9,9,SSK,139720,420,อำเภอโพธิ์ศรีสุวรรณ
SSK_9,9,SSK,139720,420,อำเภอบึงบูรพ์
SSK_9,9,SSK,139720,420,อำเภอยางชุมน้อย
SSK_9,9,SSK,139720,420,อำเภอราษีไศล
SSK_9,9,SSK,139720,420,อำเภอศิลาลาด
STI_1,1,STI,119306,243,"อำเภอเมืองสุโขทัย (ยกเว้นตำบลเมืองเก่า, ตำบลวังทองแดง)"
STI_1,1,STI,119306,243,"อำเภอกงไกรลาศ (เฉพาะตำบลไกรกลาง, ตำบลไกรใน, ตำบลกกแรต, ตำบลบ้านใหม่สุขเกษม)"
STI_1,1,STI,119306,243,"อำเภอศรีสำโรง (ยกเว้นตำบลบ้านไร่, ตำบลบ้านซ่าน, ตำบลวัดเกาะ, ตำบลนาขุนไกร, ตำบลราวต้นจันทร์)"
STI_2,2,STI,117981,250,"อำเภอกงไกรลาศ (ยกเว้นตำบลไกรกลาง, ตำบลไกรใน, ตำบลกกแรต, ตำบลบ้านใหม่สุขเกษม)"
STI_2,2,STI,117981,250,อำเภอคีรีมาศ
STI_2,2,STI,117981,250,อำเภอบ้านด่านลานหอย
STI_3,3,STI,121557,237,"อำเภอเมืองสุโขทัย (เฉพาะตำบลเมืองเก่า, ตำบลวังทองแดง)"
STI_3,3,STI,121557,237,อำเภอทุ่งเสลี่ยม
STI_3,3,STI,121557,237,"อำเภอศรีสำโรง (เฉพาะตำบลบ้านไร่, ตำบลบ้านซ่าน, ตำบลวัดเกาะ, ตำบลนาขุนไกร, ตำบลราวต้นจันทร์)"
STI_3,3,STI,121557,237,"อำเภอสวรรคโลก (ยกเว้นตำบลป่ากุมเกาะ, ตำบลในเมือง, ตำบลคลองยาง, ตำบลปากน้ำ)"
STI_4,4,STI,120714,250,อำเภอศรีนคร
STI_4,4,STI,120714,250,อำเภอศรีสัชนาลัย
STI_4,4,STI,120714,250,"อำเภอสวรรคโลก (เฉพาะตำบลป่ากุมเกาะ, ตำบลในเมือง, ตำบลคลองยาง, ตำบลปากน้ำ)"
STN_1,1,STN,114189,170,อำเภอเมืองสตูล
STN_1,1,STN,114189,170,อำเภอควนโดน
STN_1,1,STN,114189,170,อำเภอควนกาหลง (เฉพาะตำบลทุ่งนุ้ย)
STN_2,2,STN,126303,197,อำเภอควนกาหลง (ยกเว้นตำบลทุ่งนุ้ย)
STN_2,2,STN,126303,197,อำเภอท่าแพ
STN_2,2,STN,126303,197,อำเภอทุ่งหว้า
STN_2,2,STN,126303,197,อำเภอมะนัง
STN_2,2,STN,126303,197,อำเภอละงู
TAK_1,1,TAK,150003,262,อำเภอเมืองตาก
TAK_1,1,TAK,150003,262,"อำเภอบ้านตาก (เฉพาะตำบลสมอโคน, ตำบลตากออก, ตำบลแม่สลิด)"
TAK_1,1,TAK,150003,262,อำเภอวังเจ้า
TAK_1,1,TAK,150003,262,อำเภอสามเงา
TAK_2,2,TAK,124501,195,"อำเภอแม่สอด (ยกเว้นตำบลแม่กาษา, ตำบลท่าสายลวด, ตำบลแม่ปะ)"
TAK_2,2,TAK,124501,195,อำเภอพบพระ
TAK_2,2,TAK,124501,195,อำเภออุ้มผาง
TAK_3,3,TAK,129770,226,อำเภอแม่ระมาด
TAK_3,3,TAK,129770,226,"อำเภอแม่สอด (เฉพาะตำบลแม่กาษา, ตำบลท่าสายลวด, ตำบลแม่ปะ)"
TAK_3,3,TAK,129770,226,อำเภอท่าสองยาง
TAK_3,3,TAK,129770,226,"อำเภอบ้านตาก (ยกเว้นตำบลสมอโคน, ตำบลตากออก, ตำบลแม่สลิด)"
TRG_1,1,TRG,122133,207,อำเภอเมืองตรัง
TRG_2,2,TRG,130639,268,อำเภอรัษฎา
TRG_2,2,TRG,130639,268,อำเภอวังวิเศษ
TRG_2,2,TRG,130639,268,อำเภอห้วยยอด
TRG_3,3,TRG,123965,215,อำเภอนาโยง
TRG_3,3,TRG,123965,215,อำเภอปะเหลียน
TRG_3,3,TRG,123965,215,"อำเภอย่านตาขาว (เฉพาะตำบลหนองบ่อ, ตำบลนาชุมเห็ด, ตำบลในควน, ตำบลโพรงจระเข้)"
TRG_3,3,TRG,123965,215,อำเภอหาดสำราญ
TRG_4,4,TRG,125619,213,อำเภอกันตัง
TRG_4,4,TRG,125619,213,"อำเภอย่านตาขาว (ยกเว้นตำบลหนองบ่อ, ตำบลนาชุมเห็ด, ตำบลในควน, ตำบลโพรงจระเข้)"
TRG_4,4,TRG,125619,213,อำเภอสิเกา
TRT_1,1,TRT,175112,314,
UBN_1,1,UBN,131699,227,"อำเภอเมืองอุบลราชธานี (ยกเว้นตำบลไร่น้อย, ตำบลหัวเรือ, ตำบลขี้เหล็ก, ตำบลปะอาว, ตำบลหนองขอน)"
UBN_10,10,UBN,139504,302,อำเภอเดชอุดม (เฉพาะตำบลทุ่งเทิง)
UBN_10,10,UBN,139504,302,อำเภอทุ่งศรีอุดม
UBN_10,10,UBN,139504,302,อำเภอน้ำขุ่น
UBN_10,10,UBN,139504,302,อำเภอน้ำยืน
UBN_10,10,UBN,139504,302,"อำเภอสำโรง (ยกเว้นตำบลสำโรง, ตำบลโคกก่อง, ตำบลบอน)"
UBN_11,11,UBN,134037,244,อำเภอเดชอุดม (ยกเว้นตำบลทุ่งเทิง)
UBN_2,2,UBN,135471,272,อำเภอเขื่องใน
UBN_2,2,UBN,135471,272,"อำเภอเมืองอุบลราชธานี (เฉพาะตำบลไร่น้อย, ตำบลหัวเรือ, ตำบลขี้เหล็ก, ตำบลปะอาว, ตำบลหนองขอน)"
UBN_3,3,UBN,138742,327,อำเภอเหล่าเสือโก้ก
UBN_3,3,UBN,138742,327,อำเภอดอนมดแดง
UBN_3,3,UBN,138742,327,อำเภอตาลสุม
UBN_3,3,UBN,138742,327,อำเภอม่วงสามสิบ
UBN_4,4,UBN,142677,285,อำเภอวารินชำราบ
UBN_4,4,UBN,142677,285,"อำเภอสำโรง (เฉพาะตำบลสำโรง, ตำบลโคกก่อง, ตำบลบอน)"
UBN_5,5,UBN,130498,319,อำเภอกุดข้าวปุ้น
UBN_5,5,UBN,130498,319,อำเภอตระการพืชผล
UBN_6,6,UBN,128754,269,อำเภอเขมราฐ
UBN_6,6,UBN,128754,269,อำเภอโพธิ์ไทร
UBN_6,6,UBN,128754,269,อำเภอนาตาล
UBN_7,7,UBN,128533,268,อำเภอโขงเจียม
UBN_7,7,UBN,128533,268,"อำเภอพิบูลมังสาหาร (เฉพาะตำบลระเว, ตำบลทรายมูล)"
UBN_7,7,UBN,128533,268,อำเภอศรีเมืองใหม่
UBN_7,7,UBN,128533,268,อำเภอสิรินธร (ยกเว้นตำบลโนนก่อ)
UBN_8,8,UBN,136022,289,อำเภอนาเยีย
UBN_8,8,UBN,136022,289,"อำเภอพิบูลมังสาหาร (ยกเว้นตำบลระเว, ตำบลทรายมูล)"
UBN_8,8,UBN,136022,289,อำเภอสว่างวีระวงศ์
UBN_9,9,UBN,128034,225,อำเภอนาจะหลวย
UBN_9,9,UBN,128034,225,อำเภอบุณฑริก
UBN_9,9,UBN,128034,225,อำเภอสิรินธร (เฉพาะตำบลโนนก่อ)
UDN_1,1,UDN,127626,219,"อำเภอเมืองอุดรธานี (เฉพาะตำบลหมากแข้ง, ตำบลหนองบัว, ตำบลนาดี, ตำบลบ้านเลื่อม)"
UDN_10,10,UDN,121876,230,อำเภอนายูง
UDN_10,10,UDN,121876,230,อำเภอน้ำโสม
UDN_10,10,UDN,121876,230,"อำเภอบ้านผือ (ยกเว้นตำบลเขือน้ำ, ตำบลคำบง, ตำบลโนนทอง, ตำบลหนองหัวคู, ตำบลหนองแวง)"
UDN_2,2,UDN,126727,197,"อำเภอเมืองอุดรธานี (เฉพาะตำบลบ้านตาด, ตำบลโนนสูง, ตำบลหมูม่น, ตำบลหนองนาคำ, ตำบลกุดสระ, ตำบลสามพร้าว, ตำบลนาข่า, ตำบลบ้านจั่น, ตำบลหนองขอนกว้าง, ตำบลนากว้าง)"
UDN_3,3,UDN,124489,241,อำเภอเพ็ญ
UDN_3,3,UDN,124489,241,อำเภอเมืองอุดรธานี (เฉพาะตำบลบ้านขาว)
UDN_3,3,UDN,124489,241,อำเภอสร้างคอม
UDN_4,4,UDN,125363,217,อำเภอทุ่งฝน
UDN_4,4,UDN,125363,217,อำเภอบ้านดุง
UDN_5,5,UDN,123008,227,"อำเภอกู่แก้ว (เฉพาะตำบลค้อใหญ่, ตำบลคอนสาย)"
UDN_5,5,UDN,123008,227,อำเภอพิบูลย์รักษ์
UDN_5,5,UDN,123008,227,อำเภอหนองหาน
UDN_6,6,UDN,125632,236,อำเภอไชยวาน
UDN_6,6,UDN,125632,236,"อำเภอกู่แก้ว (เฉพาะตำบลบ้านจีต, ตำบลโนนทองอินทร์)"
UDN_6,6,UDN,125632,236,อำเภอวังสามหมอ
UDN_6,6,UDN,125632,236,อำเภอศรีธาตุ
UDN_7,7,UDN,128134,236,อำเภอเมืองอุดรธานี (เฉพาะตำบลหนองไผ่)
UDN_7,7,UDN,128134,236,อำเภอกุมภวาปี
UDN_7,7,UDN,128134,236,อำเภอประจักษ์ศิลปาคม
UDN_8,8,UDN,122311,218,อำเภอเมืองอุดรธานี (เฉพาะตำบลหนองไฮ)
UDN_8,8,UDN,122311,218,อำเภอโนนสะอาด
UDN_8,8,UDN,122311,218,อำเภอหนองแสง
UDN_8,8,UDN,122311,218,อำเภอหนองวัวซอ
UDN_9,9,UDN,123658,231,"อำเภอเมืองอุดรธานี (เฉพาะตำบลนิคมสงเคราะห์, ตำบลเชียงยืน, ตำบลเชียงพิณ, ตำบลโคกสะอาด)"
UDN_9,9,UDN,123658,231,อำเภอกุดจับ
UDN_9,9,UDN,123658,231,"อำเภอบ้านผือ (เฉพาะตำบลเขือน้ำ, ตำบลคำบง, ตำบลโนนทอง, ตำบลหนองหัวคู, ตำบลหนองแวง)"
UTI_1,1,UTI,127585,327,อำเภอเมืองอุทัยธานี
UTI_1,1,UTI,127585,327,อำเภอทัพทัน
UTI_1,1,UTI,127585,327,อำเภอสว่างอารมณ์
UTI_1,1,UTI,127585,327,อำเภอหนองขาหย่าง
UTI_1,1,UTI,127585,327,"อำเภอหนองฉาง (ยกเว้นตำบลเขาบางแกรก, ตำบลทุ่งโพ, ตำบลเขากวางทอง)"
UTI_2,2,UTI,133398,290,อำเภอบ้านไร่
UTI_2,2,UTI,133398,290,อำเภอลานสัก
UTI_2,2,UTI,133398,290,"อำเภอหนองฉาง (เฉพาะตำบลเขาบางแกรก, ตำบลทุ่งโพ, ตำบลเขากวางทอง)"
UTI_2,2,UTI,133398,290,อำเภอห้วยคต
UTT_1,1,UTT,118401,222,อำเภอเมืองอุตรดิตถ์
UTT_2,2,UTT,125654,269,อำเภอทองแสนขัน
UTT_2,2,UTT,125654,269,อำเภอท่าปลา
UTT_2,2,UTT,125654,269,อำเภอน้ำปาด
UTT_2,2,UTT,125654,269,อำเภอบ้านโคก
UTT_2,2,UTT,125654,269,"อำเภอพิชัย (เฉพาะตำบลนาอิน, ตำบลนายาง)"
UTT_2,2,UTT,125654,269,อำเภอฟากท่า
UTT_3,3,UTT,124268,241,อำเภอตรอน
UTT_3,3,UTT,124268,241,"อำเภอพิชัย (ยกเว้นตำบลนาอิน, ตำบลนายาง)"
UTT_3,3,UTT,124268,241,อำเภอลับแล
YLA_1,1,YLA,125569,187,"อำเภอเมืองยะลา (ยกเว้นตำบลบุดี, ตำบลเปาะเส้ง, ตำบลบันนังสาเรง)"
YLA_1,1,YLA,125569,187,"อำเภอยะหา (เฉพาะตำบลยะหา, ตำบลตาชี, ตำบลบาโงยซิแน)"
YLA_2,2,YLA,129255,192,"อำเภอเมืองยะลา (เฉพาะตำบลบุดี, ตำบลเปาะเส้ง, ตำบลบันนังสาเรง)"
YLA_2,2,YLA,129255,192,อำเภอกาบัง
YLA_2,2,YLA,129255,192,"อำเภอยะหา (ยกเว้นตำบลยะหา, ตำบลตาชี, ตำบลบาโงยซิแน)"
YLA_2,2,YLA,129255,192,อำเภอรามัน
YLA_3,3,YLA,127447,217,อำเภอเบตง
YLA_3,3,YLA,127447,217,อำเภอกรงปินัง
YLA_3,3,YLA,127447,217,อำเภอธารโต
YLA_3,3,YLA,127447,217,อำเภอบันนังสตา
YST_1,1,YST,144909,300,อำเภอเมืองยโสธร
YST_1,1,YST,144909,300,อำเภอคำเขื่อนแก้ว (เฉพาะตำบลทุ่งมน)
YST_1,1,YST,144909,300,อำเภอทรายมูล
YST_1,1,YST,144909,300,"อำเภอป่าติ้ว (เฉพาะตำบลศรีฐาน, ตำบลกระจาย)"
YST_2,2,YST,141903,302,"อำเภอไทยเจริญ (เฉพาะตำบลน้ำคำ, ตำบลคำไผ่)"
YST_2,2,YST,141903,302,อำเภอค้อวัง
YST_2,2,YST,141903,302,อำเภอคำเขื่อนแก้ว (ยกเว้นตำบลทุ่งมน)
YST_2,2,YST,141903,302,"อำเภอป่าติ้ว (ยกเว้นตำบลศรีฐาน, ตำบลกระจาย)"
YST_2,2,YST,141903,302,อำเภอมหาชนะชัย
YST_3,3,YST,146060,303,อำเภอเลิงนกทา
YST_3,3,YST,146060,303,"อำเภอไทยเจริญ (ยกเว้นตำบลน้ำคำ, ตำบลคำไผ่)"
YST_3,3,YST,146060,303,อำเภอกุดชุม